file_name,pass,width,height,blur_score,reasons
10000@4_03001_220718_P1_T1.jpg,True,4032,2268,661.59,합격
10004@4_03001_220718_P1_T1.jpg,True,4032,2268,843.36,합격
10005@4_03001_220718_P1_T1.jpg,True,4032,2268,700.72,합격
10006@3_03001_220718_P1_T1.jpg,True,4032,2268,653.34,합격
10007@5_03001_220718_P1_T1.jpg,True,4032,2268,1003.94,합격
10008@3_03001_220718_P1_T1.jpg,True,4032,2268,715.02,합격
10009@4_03001_220718_P1_T1.jpg,True,4032,2268,1045.79,합격
10010@2_03001_220718_P1_T1.jpg,True,4032,2268,890.1,합격
10011@4_03001_220718_P1_T1.jpg,True,4032,2268,567.09,합격
10012@2_03001_220718_P1_T1.jpg,True,4032,2268,483.41,합격
10013@1_03001_220718_P1_T1.jpg,True,4032,2268,1641.46,합격
10014@1_03001_220718_P1_T1.jpg,True,4032,2268,1581.09,합격
10015@5_03001_220718_P1_T1.jpg,True,4032,2268,577.62,합격
10016@5_03001_220718_P1_T1.jpg,True,4032,2268,855.67,합격
10017@3_03001_220718_P1_T1.jpg,True,4032,2268,1229.78,합격
10018@5_03001_220718_P1_T1.jpg,True,4032,2268,760.32,합격
10019@4_03001_220718_P1_T1.jpg,True,4032,2268,629.18,합격
10024@1_03001_220722_P1_T1.jpg,True,4032,2268,1910.41,합격
10025@4_03001_220722_P1_T1.jpg,True,4032,2268,1324.34,합격
10026@5_03001_220722_P1_T1.jpg,True,4032,2268,1462.39,합격
10027@3_03001_220722_P1_T1.jpg,True,4032,2268,432.89,합격
10028@3_03001_220722_P1_T1.jpg,True,4032,2268,729.44,합격
10029@4_03001_220722_P1_T1.jpg,True,4032,2268,901.69,합격
10030@5_03001_220722_P1_T1.jpg,True,4032,2268,435.71,합격
10033@2_03001_220722_P1_T1.jpg,True,4032,2268,1482.83,합격
10034@4_03001_220722_P1_T1.jpg,True,4032,2268,341.97,합격
10036@5_03001_220722_P1_T1.jpg,True,4032,2268,1350.16,합격
10037@1_03001_220722_P1_T1.jpg,True,4032,2268,3301.06,합격
10039@2_03001_220722_P1_T1.jpg,True,4032,2268,419.51,합격
10041@1_03001_220722_P1_T1.jpg,True,4032,2268,2217.55,합격
10043@4_03001_220722_P1_T1.jpg,True,4032,2268,1789.85,합격
10044@2_03001_220722_P1_T1.jpg,True,4032,2268,1283.34,합격
10046@5_03001_220722_P1_T1.jpg,True,4032,2268,1230.9,합격
10047@5_03001_220722_P1_T1.jpg,True,4032,2268,1246.62,합격
10048@1_03001_220722_P1_T1.jpg,True,4032,2268,2358.24,합격
10049@2_03001_220722_P1_T1.jpg,True,4032,2268,820.76,합격
10051@2_03001_220722_P1_T1.jpg,True,4032,2268,793.71,합격
10052@4_03001_220722_P1_T1.jpg,True,4032,2268,1487.59,합격
10054@2_03001_220722_P1_T1.jpg,True,4032,2268,882.32,합격
10055@5_03001_220722_P1_T1.jpg,True,4032,2268,695.84,합격
10056@5_03001_220722_P1_T1.jpg,True,4032,2268,222.73,합격
10058@3_03001_220722_P1_T1.jpg,True,4032,2268,383.12,합격
10059@4_03001_220722_P1_T1.jpg,True,4032,2268,215.05,합격
10060@1_03001_220722_P1_T1.jpg,True,4032,2268,1575.15,합격
10062@2_03001_220722_P1_T1.jpg,True,4032,2268,1399.34,합격
10063@3_03001_220722_P1_T1.jpg,True,4032,2268,435.54,합격
10066@2_03001_220722_P1_T1.jpg,True,4032,2268,1153.72,합격
10067@1_03001_220722_P1_T1.jpg,True,4032,2268,988.72,합격
10068@3_03001_220722_P1_T1.jpg,True,4032,2268,589.78,합격
1009929@1_03001_221020_P1_T1.jpg,True,4000,2250,2424.64,합격
1009968@2_03001_221020_P1_T1.jpg,True,4000,2250,947.42,합격
1010010@3_03001_221020_P1_T1.jpg,True,4000,2250,1140.63,합격
1010051@4_03001_221020_P1_T1.jpg,True,4000,2250,1456.4,합격
1010094@5_03001_221020_P1_T1.jpg,True,4000,2250,444.64,합격
1010858@3_03001_221020_P1_T1.jpg,True,4000,2250,2109.54,합격
101100@2_03001_220805_P1_T1.jpg,True,4032,3024,484.93,합격
101101@1_03001_220805_P1_T1.jpg,True,4032,3024,530.63,합격
101102@5_03001_220805_P1_T1.jpg,True,4032,3024,723.11,합격
101103@2_03001_220805_P1_T1.jpg,True,4032,3024,553.83,합격
101104@4_03001_220805_P1_T1.jpg,True,4032,3024,518.24,합격
101107@1_03001_220805_P1_T1.jpg,True,4032,3024,537.67,합격
101108@2_03001_220805_P1_T1.jpg,True,4032,3024,554.79,합격
101110@5_03001_220805_P1_T1.jpg,True,4032,3024,706.47,합격
101111@2_03001_220805_P1_T1.jpg,True,4032,3024,521.11,합격
101112@5_03001_220805_P1_T1.jpg,True,4032,3024,766.75,합격
101113@3_03001_220805_P1_T1.jpg,True,4032,3024,694.47,합격
101114@4_03001_220805_P1_T1.jpg,True,4032,3024,534.1,합격
101115@1_03001_220805_P1_T1.jpg,True,4032,3024,958.3,합격
101116@5_03001_220805_P1_T1.jpg,True,4032,3024,526.13,합격
101117@2_03001_220805_P1_T1.jpg,True,4032,3024,473.82,합격
101119@2_03001_220805_P1_T1.jpg,True,4032,3024,483.21,합격
101121@4_03001_220805_P1_T1.jpg,True,4032,3024,824.48,합격
101122@1_03001_220805_P1_T1.jpg,True,4032,3024,828.5,합격
101123@3_03001_220805_P1_T1.jpg,True,4032,3024,559.41,합격
101125@2_03001_220805_P1_T1.jpg,True,4032,3024,457.08,합격
101126@5_03001_220805_P1_T1.jpg,True,4032,3024,692.86,합격
101127@3_03001_220805_P1_T1.jpg,True,4032,3024,495.29,합격
101129@4_03001_220805_P1_T1.jpg,True,4032,3024,662.89,합격
101131@3_03001_220805_P1_T1.jpg,True,4032,3024,415.03,합격
101132@4_03001_220805_P1_T1.jpg,True,4032,3024,625.74,합격
101133@1_03001_220805_P1_T1.jpg,True,4032,3024,750.92,합격
101134@4_03001_220805_P1_T1.jpg,True,4032,3024,441.31,합격
101135@1_03001_220805_P1_T1.jpg,True,4032,3024,967.21,합격
101136@3_03001_220805_P1_T1.jpg,True,4032,3024,746.58,합격
101138@5_03001_220805_P1_T1.jpg,True,4032,3024,658.96,합격
101140@3_03001_220805_P1_T1.jpg,True,4032,3024,631.33,합격
101141@2_03001_220805_P1_T1.jpg,True,4032,3024,341.69,합격
101143@5_03001_220805_P1_T1.jpg,True,4032,3024,638.8,합격
101144@4_03001_220805_P1_T1.jpg,True,4032,3024,586.03,합격
101145@5_03001_220805_P1_T1.jpg,True,4032,3024,745.91,합격
101146@4_03001_220805_P1_T1.jpg,True,4032,3024,743.27,합격
101147@3_03001_220805_P1_T1.jpg,True,4032,3024,587.26,합격
101148@4_03001_220805_P1_T1.jpg,True,4032,3024,751.85,합격
101149@2_03001_220805_P1_T1.jpg,True,4032,3024,584.44,합격
101150@4_03001_220805_P1_T1.jpg,True,4032,3024,783.45,합격
101151@3_03001_220805_P1_T1.jpg,True,4032,3024,626.08,합격
101152@3_03001_220805_P1_T1.jpg,True,4032,3024,498.22,합격
101153@2_03001_220805_P1_T1.jpg,True,4032,3024,531.13,합격
101154@3_03001_220805_P1_T1.jpg,True,4032,3024,442.82,합격
101155@1_03001_220805_P1_T1.jpg,True,4032,3024,1173.1,합격
101156@3_03001_220805_P1_T1.jpg,True,4032,3024,278.73,합격
101157@2_03001_220805_P1_T1.jpg,True,4032,3024,721.17,합격
101158@2_03001_220805_P1_T1.jpg,True,4032,3024,355.34,합격
101160@1_03001_220805_P1_T1.jpg,True,4032,3024,1061.69,합격
101161@4_03001_220805_P1_T1.jpg,True,4032,3024,830.8,합격
101162@2_03001_220805_P1_T1.jpg,True,4032,3024,572.56,합격
101163@5_03001_220805_P1_T1.jpg,True,4032,3024,672.96,합격
101164@4_03001_220805_P1_T1.jpg,True,4032,3024,612.61,합격
101165@4_03001_220805_P1_T1.jpg,True,4032,3024,369.3,합격
101166@3_03001_220805_P1_T1.jpg,True,4032,3024,392.19,합격
101167@5_03001_220805_P1_T1.jpg,True,4032,3024,663.24,합격
101172@3_03001_220805_P1_T1.jpg,True,4032,3024,640.55,합격
101174@1_03001_220805_P1_T1.jpg,True,4032,3024,1014.38,합격
101175@3_03001_220805_P1_T1.jpg,True,4032,3024,457.25,합격
101176@2_03001_220805_P1_T1.jpg,True,4032,3024,527.27,합격
101177@4_03001_220805_P1_T1.jpg,True,4032,3024,667.23,합격
101178@1_03001_220805_P1_T1.jpg,True,4032,3024,654.05,합격
101179@3_03001_220805_P1_T1.jpg,True,4032,3024,703.8,합격
101180@5_03001_220805_P1_T1.jpg,True,4032,3024,678.71,합격
101181@5_03001_220805_P1_T1.jpg,True,4032,3024,539.36,합격
101182@3_03001_220805_P1_T1.jpg,True,4032,3024,829.82,합격
101184@1_03001_220805_P1_T1.jpg,True,4032,3024,901.84,합격
101185@5_03001_220805_P1_T1.jpg,True,4032,3024,684.04,합격
101186@3_03001_220805_P1_T1.jpg,True,4032,3024,624.04,합격
101187@4_03001_220805_P1_T1.jpg,True,4032,3024,576.41,합격
101188@4_03001_220805_P1_T1.jpg,True,4032,3024,462.91,합격
101189@2_03001_220805_P1_T1.jpg,True,4032,3024,607.24,합격
101190@2_03001_220805_P1_T1.jpg,True,4032,3024,570.89,합격
101191@1_03001_220805_P1_T1.jpg,True,4032,3024,1077.47,합격
101193@1_03001_220805_P1_T1.jpg,True,4032,3024,900.52,합격
101194@3_03001_220805_P1_T1.jpg,True,4032,3024,714.52,합격
101195@1_03001_220805_P1_T1.jpg,True,4032,3024,599.22,합격
101196@2_03001_220805_P1_T1.jpg,True,4032,3024,604.39,합격
101198@1_03001_220805_P1_T1.jpg,True,4032,3024,958.3,합격
101199@5_03001_220805_P1_T1.jpg,True,4032,3024,836.68,합격
101200@5_03001_220805_P1_T1.jpg,True,4032,3024,649.68,합격
101201@4_03001_220805_P1_T1.jpg,True,4032,3024,633.96,합격
101203@3_03001_220805_P1_T1.jpg,True,4032,3024,286.14,합격
101205@3_03001_220805_P1_T1.jpg,True,4032,3024,458.27,합격
101206@5_03001_220805_P1_T1.jpg,True,4032,3024,733.96,합격
101208@1_03001_220805_P1_T1.jpg,True,4032,3024,651.49,합격
101209@5_03001_220805_P1_T1.jpg,True,4032,3024,675.88,합격
101210@2_03001_220805_P1_T1.jpg,True,4032,3024,551.95,합격
101211@4_03001_220805_P1_T1.jpg,True,4032,3024,736.26,합격
101212@2_03001_220805_P1_T1.jpg,True,4032,3024,563.79,합격
101213@1_03001_220805_P1_T1.jpg,True,4032,3024,1036.68,합격
101215@5_03001_220805_P1_T1.jpg,True,4032,3024,748.74,합격
101216@4_03001_220805_P1_T1.jpg,True,4032,3024,776.65,합격
101217@3_03001_220805_P1_T1.jpg,True,4032,3024,614.05,합격
101219@5_03001_220805_P1_T1.jpg,True,4032,3024,562.16,합격
101223@4_03001_220805_P1_T1.jpg,True,4032,3024,503.52,합격
101225@5_03001_220805_P1_T1.jpg,True,4032,3024,667.18,합격
101226@4_03001_220805_P1_T1.jpg,True,4032,3024,565.45,합격
101227@1_03001_220805_P1_T1.jpg,True,4032,3024,875.09,합격
101230@3_03001_220805_P1_T1.jpg,True,4032,3024,417.41,합격
101233@1_03001_220805_P1_T1.jpg,True,4032,3024,746.24,합격
101234@2_03001_220805_P1_T1.jpg,True,4032,3024,517.59,합격
101235@2_03001_220805_P1_T1.jpg,True,4032,3024,281.46,합격
101237@4_03001_220805_P1_T1.jpg,True,4032,3024,674.36,합격
101238@1_03001_220805_P1_T1.jpg,True,4032,3024,612.19,합격
101242@3_03001_220805_P1_T1.jpg,True,4032,3024,577.38,합격
101243@4_03001_220805_P1_T1.jpg,True,4032,3024,650.26,합격
101245@1_03001_220805_P1_T1.jpg,True,4032,3024,570.42,합격
101246@2_03001_220805_P1_T1.jpg,True,4032,3024,409.46,합격
101247@1_03001_220805_P1_T1.jpg,True,4032,3024,1306.98,합격
101249@2_03001_220805_P1_T1.jpg,True,4032,3024,459.45,합격
101375@4_03001_220805_P1_T1.jpg,True,5664,3184,84.65,합격
101980@4_03001_220805_P1_T1.jpg,True,4032,3024,773.2,합격
101981@1_03001_220805_P1_T1.jpg,True,4032,3024,1175.59,합격
101982@5_03001_220805_P1_T1.jpg,True,4032,3024,639.62,합격
101983@3_03001_220805_P1_T1.jpg,True,4032,3024,571.15,합격
101984@5_03001_220805_P1_T1.jpg,True,4032,3024,532.1,합격
101986@1_03001_220805_P1_T1.jpg,True,4032,3024,1111.87,합격
101987@5_03001_220805_P1_T1.jpg,True,4032,3024,865.3,합격
101988@2_03001_220805_P1_T1.jpg,True,4032,3024,647.28,합격
101990@3_03001_220805_P1_T1.jpg,True,4032,3024,564.84,합격
101991@4_03001_220805_P1_T1.jpg,True,4032,3024,578.95,합격
101995@4_03001_220805_P1_T1.jpg,True,4032,3024,830.52,합격
101996@3_03001_220805_P1_T1.jpg,True,4032,3024,492.6,합격
101997@4_03001_220805_P1_T1.jpg,True,4032,3024,740.19,합격
101998@5_03001_220805_P1_T1.jpg,True,4032,3024,784.04,합격
101999@5_03001_220805_P1_T1.jpg,True,4032,3024,797.66,합격
102000@3_03001_220805_P1_T1.jpg,True,4032,3024,618.67,합격
102001@4_03001_220805_P1_T1.jpg,True,4032,3024,725.69,합격
102003@2_03001_220805_P1_T1.jpg,True,4032,3024,613.26,합격
102004@1_03001_220805_P1_T1.jpg,True,4032,3024,1285.04,합격
102006@1_03001_220805_P1_T1.jpg,True,4032,3024,710.92,합격
102008@5_03001_220805_P1_T1.jpg,True,4032,3024,857.66,합격
102009@3_03001_220805_P1_T1.jpg,True,4032,3024,746.9,합격
102010@4_03001_220805_P1_T1.jpg,True,4032,3024,536.53,합격
102011@3_03001_220805_P1_T1.jpg,True,4032,3024,374.31,합격
102012@5_03001_220805_P1_T1.jpg,True,4032,3024,730.15,합격
102014@1_03001_220805_P1_T1.jpg,True,4032,3024,598.45,합격
102015@3_03001_220805_P1_T1.jpg,True,4032,3024,355.41,합격
102017@4_03001_220805_P1_T1.jpg,True,4032,3024,711.57,합격
102018@3_03001_220805_P1_T1.jpg,True,4032,3024,711.97,합격
102020@4_03001_220805_P1_T1.jpg,True,4032,3024,716.03,합격
102021@3_03001_220805_P1_T1.jpg,True,4032,3024,534.74,합격
102026@1_03001_220805_P1_T1.jpg,True,4032,3024,1217.97,합격
102027@5_03001_220805_P1_T1.jpg,True,4032,3024,729.44,합격
102028@3_03001_220805_P1_T1.jpg,True,4032,3024,850.5,합격
102029@2_03001_220805_P1_T1.jpg,True,4032,3024,538.8,합격
102031@5_03001_220805_P1_T1.jpg,True,4032,3024,660.7,합격
102032@2_03001_220805_P1_T1.jpg,True,4032,3024,1155.67,합격
102033@2_03001_220805_P1_T1.jpg,True,4032,3024,516.26,합격
102034@1_03001_220805_P1_T1.jpg,True,4032,3024,1020.76,합격
102036@4_03001_220805_P1_T1.jpg,True,4032,3024,830.26,합격
102037@3_03001_220805_P1_T1.jpg,True,4032,3024,609.38,합격
102038@2_03001_220805_P1_T1.jpg,True,4032,3024,531.99,합격
102039@1_03001_220805_P1_T1.jpg,True,4032,3024,1044.15,합격
102040@5_03001_220805_P1_T1.jpg,True,4032,3024,539.06,합격
102041@2_03001_220805_P1_T1.jpg,True,4032,3024,793.54,합격
102044@1_03001_220805_P1_T1.jpg,True,4032,3024,1068.67,합격
102045@2_03001_220805_P1_T1.jpg,True,4032,3024,599.69,합격
102046@2_03001_220805_P1_T1.jpg,True,4032,3024,440.0,합격
102047@3_03001_220805_P1_T1.jpg,True,4032,3024,678.46,합격
102048@1_03001_220805_P1_T1.jpg,True,4032,3024,999.3,합격
102050@4_03001_220805_P1_T1.jpg,True,4032,3024,475.38,합격
102051@5_03001_220805_P1_T1.jpg,True,4032,3024,885.35,합격
102052@2_03001_220805_P1_T1.jpg,True,4032,3024,663.62,합격
102053@3_03001_220805_P1_T1.jpg,True,4032,3024,684.33,합격
102054@5_03001_220805_P1_T1.jpg,True,4032,3024,843.77,합격
102058@4_03001_220805_P1_T1.jpg,True,4032,3024,645.28,합격
102060@2_03001_220805_P1_T1.jpg,True,4032,3024,665.46,합격
102061@1_03001_220805_P1_T1.jpg,True,4032,3024,1156.51,합격
102062@1_03001_220805_P1_T1.jpg,True,4032,3024,899.79,합격
102063@5_03001_220805_P1_T1.jpg,True,4032,3024,737.66,합격
102065@2_03001_220805_P1_T1.jpg,True,4032,3024,441.94,합격
102066@3_03001_220805_P1_T1.jpg,True,4032,3024,682.72,합격
102067@2_03001_220805_P1_T1.jpg,True,4032,3024,444.23,합격
102068@3_03001_220805_P1_T1.jpg,True,4032,3024,653.75,합격
102069@5_03001_220805_P1_T1.jpg,True,4032,3024,688.57,합격
102070@1_03001_220805_P1_T1.jpg,True,4032,3024,1022.71,합격
102071@3_03001_220805_P1_T1.jpg,True,4032,3024,697.11,합격
102073@1_03001_220805_P1_T1.jpg,True,4032,3024,1147.07,합격
102074@5_03001_220805_P1_T1.jpg,True,4032,3024,823.99,합격
102077@4_03001_220805_P1_T1.jpg,True,4032,3024,514.37,합격
102079@3_03001_220805_P1_T1.jpg,True,4032,3024,329.52,합격
102080@1_03001_220805_P1_T1.jpg,True,4032,3024,1289.67,합격
102081@5_03001_220805_P1_T1.jpg,True,4032,3024,844.77,합격
102082@2_03001_220805_P1_T1.jpg,True,4032,3024,604.69,합격
102083@3_03001_220805_P1_T1.jpg,True,4032,3024,790.21,합격
102084@2_03001_220805_P1_T1.jpg,True,4032,3024,594.42,합격
102085@1_03001_220805_P1_T1.jpg,True,4032,3024,991.91,합격
102086@2_03001_220805_P1_T1.jpg,True,4032,3024,545.13,합격
102088@5_03001_220805_P1_T1.jpg,True,4032,3024,833.29,합격
102091@1_03001_220805_P1_T1.jpg,True,4032,3024,770.69,합격
102092@5_03001_220805_P1_T1.jpg,True,4032,3024,751.24,합격
102094@3_03001_220805_P1_T1.jpg,True,4032,3024,710.71,합격
102099@4_03001_220805_P1_T1.jpg,True,4032,3024,693.24,합격
102100@2_03001_220805_P1_T1.jpg,True,4032,3024,380.95,합격
102101@3_03001_220805_P1_T1.jpg,True,4032,3024,762.93,합격
102102@1_03001_220805_P1_T1.jpg,True,4032,3024,918.25,합격
102103@2_03001_220805_P1_T1.jpg,True,4032,3024,600.84,합격
102104@1_03001_220805_P1_T1.jpg,True,4032,3024,1024.1,합격
102106@4_03001_220805_P1_T1.jpg,True,4032,3024,591.95,합격
102107@3_03001_220805_P1_T1.jpg,True,4032,3024,472.09,합격
102108@2_03001_220805_P1_T1.jpg,True,4032,3024,480.29,합격
102109@5_03001_220805_P1_T1.jpg,True,4032,3024,612.91,합격
102110@5_03001_220805_P1_T1.jpg,True,4032,3024,658.93,합격
102111@4_03001_220805_P1_T1.jpg,True,4032,3024,565.98,합격
102113@2_03001_220805_P1_T1.jpg,True,4032,3024,697.59,합격
102114@5_03001_220805_P1_T1.jpg,True,4032,3024,671.34,합격
102115@4_03001_220805_P1_T1.jpg,True,4032,3024,715.22,합격
102116@3_03001_220805_P1_T1.jpg,True,4032,3024,721.12,합격
102118@3_03001_220805_P1_T1.jpg,True,4032,3024,700.23,합격
102119@5_03001_220805_P1_T1.jpg,True,4032,3024,423.13,합격
102122@1_03001_220805_P1_T1.jpg,True,4032,3024,1166.06,합격
102123@1_03001_220805_P1_T1.jpg,True,4032,3024,1243.33,합격
102125@5_03001_220805_P1_T1.jpg,True,4032,3024,822.01,합격
102126@4_03001_220805_P1_T1.jpg,True,4032,3024,661.7,합격
102127@2_03001_220805_P1_T1.jpg,True,4032,3024,442.14,합격
102128@1_03001_220805_P1_T1.jpg,True,4032,3024,973.69,합격
102129@4_03001_220805_P1_T1.jpg,True,4032,3024,696.82,합격
102600@1_03001_220809_P1_T1.jpg,True,4000,2250,2124.0,합격
102601@3_03001_220809_P1_T1.jpg,True,4000,2250,114.34,합격
102604@5_03001_220809_P1_T1.jpg,True,4000,2250,213.13,합격
102605@4_03001_220809_P1_T1.jpg,True,4000,2250,131.78,합격
102606@4_03001_220809_P1_T1.jpg,True,4000,2250,115.94,합격
102608@2_03001_220809_P1_T1.jpg,True,4000,2250,242.73,합격
102609@2_03001_220809_P1_T1.jpg,True,4000,2250,382.05,합격
102611@2_03001_220809_P1_T1.jpg,True,4000,2250,283.36,합격
102612@1_03001_220809_P1_T1.jpg,True,4000,2250,679.26,합격
102613@4_03001_220809_P1_T1.jpg,True,4000,2250,564.94,합격
102614@5_03001_220809_P1_T1.jpg,True,4000,2250,125.49,합격
102616@3_03001_220809_P1_T1.jpg,True,4000,2250,262.87,합격
102619@1_03001_220809_P1_T1.jpg,True,4000,2250,90.51,합격
102620@1_03001_220809_P1_T1.jpg,True,4000,2250,138.51,합격
102621@1_03001_220809_P1_T1.jpg,True,4000,2250,334.52,합격
102622@5_03001_220809_P1_T1.jpg,True,4000,2250,217.79,합격
102623@5_03001_220809_P1_T1.jpg,True,4000,2250,209.08,합격
102624@2_03001_220809_P1_T1.jpg,True,4000,2250,105.14,합격
102625@2_03001_220809_P1_T1.jpg,True,4000,2250,175.32,합격
102626@5_03001_220809_P1_T1.jpg,True,4000,2250,101.0,합격
102627@5_03001_220809_P1_T1.jpg,True,4000,2250,294.29,합격
102628@3_03001_220809_P1_T1.jpg,True,4000,2250,252.75,합격
102629@2_03001_220809_P1_T1.jpg,True,4000,2250,256.26,합격
102630@2_03001_220809_P1_T1.jpg,True,4000,2250,307.47,합격
102632@1_03001_220809_P1_T1.jpg,True,4000,2250,726.2,합격
102633@1_03001_220809_P1_T1.jpg,True,4000,2250,95.73,합격
102635@1_03001_220809_P1_T1.jpg,True,4000,2250,343.74,합격
102636@5_03001_220809_P1_T1.jpg,True,4000,2250,105.53,합격
102638@5_03001_220809_P1_T1.jpg,True,4000,2250,155.31,합격
102639@1_03001_220809_P1_T1.jpg,True,4000,2250,366.48,합격
102641@2_03001_220809_P1_T1.jpg,True,4000,2250,106.13,합격
102642@2_03001_220809_P1_T1.jpg,True,4000,2250,425.45,합격
102643@2_03001_220809_P1_T1.jpg,True,4000,2250,152.4,합격
102644@3_03001_220809_P1_T1.jpg,True,4000,2250,441.69,합격
102645@1_03001_220809_P1_T1.jpg,True,4000,2250,285.78,합격
102647@2_03001_220809_P1_T1.jpg,True,4000,2250,269.91,합격
102648@3_03001_220809_P1_T1.jpg,True,4000,2250,279.84,합격
102649@1_03001_220809_P1_T1.jpg,True,4000,2250,304.5,합격
102650@3_03001_220809_P1_T1.jpg,True,4000,2250,154.54,합격
102651@3_03001_220809_P1_T1.jpg,True,4000,2250,319.81,합격
102652@3_03001_220809_P1_T1.jpg,True,4000,2250,144.77,합격
102655@4_03001_220809_P1_T1.jpg,True,4000,2250,125.61,합격
102656@4_03001_220809_P1_T1.jpg,True,4000,2250,139.71,합격
102658@4_03001_220809_P1_T1.jpg,True,4000,2250,334.93,합격
102659@4_03001_220809_P1_T1.jpg,True,4000,2250,243.5,합격
102661@4_03001_220809_P1_T1.jpg,True,4000,2250,100.83,합격
102663@4_03001_220809_P1_T1.jpg,True,4000,2250,94.76,합격
102667@5_03001_220809_P1_T1.jpg,True,4000,2250,203.65,합격
102669@5_03001_220809_P1_T1.jpg,True,4000,2250,132.37,합격
102670@4_03001_220809_P1_T1.jpg,True,4000,2250,171.49,합격
102671@3_03001_220809_P1_T1.jpg,True,4000,2250,177.56,합격
102672@3_03001_220809_P1_T1.jpg,True,4000,2250,170.42,합격
102674@1_03001_220809_P1_T1.jpg,True,4000,2250,258.55,합격
102675@4_03001_220809_P1_T1.jpg,True,4000,2250,138.51,합격
102676@1_03001_220809_P1_T1.jpg,True,4000,2250,601.4,합격
102679@5_03001_220809_P1_T1.jpg,True,4000,2250,192.94,합격
102680@2_03001_220809_P1_T1.jpg,True,4000,2250,164.81,합격
102681@5_03001_220809_P1_T1.jpg,True,4000,2250,232.21,합격
102682@4_03001_220809_P1_T1.jpg,True,4000,2250,128.07,합격
102683@4_03001_220809_P1_T1.jpg,True,4000,2250,186.52,합격
102684@5_03001_220809_P1_T1.jpg,True,4000,2250,191.83,합격
102685@3_03001_220809_P1_T1.jpg,True,4000,2250,258.92,합격
102686@2_03001_220809_P1_T1.jpg,True,4000,2250,190.38,합격
102687@5_03001_220809_P1_T1.jpg,True,4000,2250,376.58,합격
102689@4_03001_220809_P1_T1.jpg,True,4000,2250,256.99,합격
102690@1_03001_220809_P1_T1.jpg,True,4000,2250,555.0,합격
102691@4_03001_220809_P1_T1.jpg,True,4000,2250,933.32,합격
102692@5_03001_220809_P1_T1.jpg,True,4000,2250,480.1,합격
102694@1_03001_220809_P1_T1.jpg,True,4000,2250,177.17,합격
102695@4_03001_220809_P1_T1.jpg,True,4000,2250,1420.8,합격
102698@2_03001_220809_P1_T1.jpg,True,4000,2250,298.07,합격
102699@2_03001_220809_P1_T1.jpg,True,4000,2250,499.23,합격
102700@5_03001_220809_P1_T1.jpg,True,4000,2250,898.57,합격
102701@2_03001_220809_P1_T1.jpg,True,4000,2250,274.49,합격
102702@1_03001_220809_P1_T1.jpg,True,4000,2250,123.55,합격
102703@2_03001_220809_P1_T1.jpg,True,4000,2250,394.46,합격
102704@3_03001_220809_P1_T1.jpg,True,4000,2250,121.12,합격
102705@3_03001_220809_P1_T1.jpg,True,4000,2250,174.42,합격
102706@1_03001_220809_P1_T1.jpg,True,4000,2250,456.27,합격
102707@3_03001_220809_P1_T1.jpg,True,4000,2250,448.41,합격
102708@3_03001_220809_P1_T1.jpg,True,4000,2250,203.55,합격
102710@3_03001_220809_P1_T1.jpg,True,4000,2250,234.99,합격
102711@3_03001_220809_P1_T1.jpg,True,4000,2250,289.93,합격
102712@4_03001_220809_P1_T1.jpg,True,4000,2250,84.25,합격
102714@4_03001_220809_P1_T1.jpg,True,4000,2250,166.58,합격
102716@3_03001_220809_P1_T1.jpg,True,4000,2250,539.97,합격
102717@4_03001_220809_P1_T1.jpg,True,4000,2250,286.57,합격
102719@4_03001_220809_P1_T1.jpg,True,4000,2250,215.53,합격
102720@5_03001_220809_P1_T1.jpg,True,4000,2250,199.99,합격
102722@5_03001_220809_P1_T1.jpg,True,4000,2250,93.43,합격
102723@4_03001_220809_P1_T1.jpg,True,4000,2250,698.83,합격
102724@5_03001_220809_P1_T1.jpg,True,4000,2250,194.0,합격
102727@5_03001_220809_P1_T1.jpg,True,4000,2250,113.07,합격
102728@4_03001_220809_P1_T1.jpg,True,4000,2250,258.4,합격
102729@5_03001_220809_P1_T1.jpg,True,4000,2250,129.3,합격
102730@1_03001_220809_P1_T1.jpg,True,4000,2250,260.02,합격
102731@1_03001_220809_P1_T1.jpg,True,4000,2250,481.93,합격
102732@3_03001_220809_P1_T1.jpg,True,4000,2250,1162.32,합격
102734@1_03001_220809_P1_T1.jpg,True,4000,2250,263.96,합격
102738@1_03001_220809_P1_T1.jpg,True,4000,2250,437.19,합격
102739@5_03001_220809_P1_T1.jpg,True,4000,2250,238.81,합격
102740@2_03001_220809_P1_T1.jpg,True,4000,2250,293.53,합격
102741@1_03001_220809_P1_T1.jpg,True,4000,2250,84.45,합격
102742@5_03001_220809_P1_T1.jpg,True,4000,2250,134.64,합격
102743@2_03001_220809_P1_T1.jpg,True,4000,2250,188.03,합격
102745@2_03001_220809_P1_T1.jpg,True,4000,2250,2026.69,합격
102746@2_03001_220809_P1_T1.jpg,True,4000,2250,156.92,합격
102747@2_03001_220809_P1_T1.jpg,True,4000,2250,257.35,합격
102749@2_03001_220809_P1_T1.jpg,True,4000,2250,295.17,합격
102750@2_03001_220809_P1_T1.jpg,True,4000,2250,257.92,합격
102752@2_03001_220809_P1_T1.jpg,True,4000,2250,199.45,합격
102754@3_03001_220809_P1_T1.jpg,True,4000,2250,114.63,합격
102755@3_03001_220809_P1_T1.jpg,True,4000,2250,201.5,합격
102756@2_03001_220809_P1_T1.jpg,True,4000,2250,364.8,합격
102757@3_03001_220809_P1_T1.jpg,True,4000,2250,105.14,합격
102758@2_03001_220809_P1_T1.jpg,True,4000,2250,151.14,합격
102759@1_03001_220809_P1_T1.jpg,True,4000,2250,1660.53,합격
102761@5_03001_220805_P1_T1.jpg,True,4032,3024,869.57,합격
102765@2_03001_220805_P1_T1.jpg,True,4032,3024,555.56,합격
102766@4_03001_220805_P1_T1.jpg,True,4032,3024,549.83,합격
102768@2_03001_220805_P1_T1.jpg,True,4032,3024,393.92,합격
102770@5_03001_220805_P1_T1.jpg,True,4032,3024,579.5,합격
102772@4_03001_220805_P1_T1.jpg,True,4032,3024,645.0,합격
102773@5_03001_220805_P1_T1.jpg,True,4032,3024,830.33,합격
102775@1_03001_220805_P1_T1.jpg,True,4032,3024,587.66,합격
102776@3_03001_220805_P1_T1.jpg,True,4032,3024,582.28,합격
102778@3_03001_220805_P1_T1.jpg,True,4032,3024,722.1,합격
102780@1_03001_220805_P1_T1.jpg,True,4032,3024,1150.64,합격
102784@3_03001_220805_P1_T1.jpg,True,4032,3024,258.67,합격
102785@3_03001_220805_P1_T1.jpg,True,4032,3024,574.94,합격
102786@1_03001_220805_P1_T1.jpg,True,4032,3024,854.9,합격
102787@3_03001_220805_P1_T1.jpg,True,4032,3024,724.9,합격
102788@2_03001_220805_P1_T1.jpg,True,4032,3024,224.27,합격
102789@3_03001_220805_P1_T1.jpg,True,4032,3024,525.74,합격
102790@5_03001_220805_P1_T1.jpg,True,4032,3024,652.71,합격
102791@1_03001_220805_P1_T1.jpg,True,4032,3024,569.53,합격
102793@5_03001_220805_P1_T1.jpg,True,4032,3024,626.11,합격
102794@4_03001_220805_P1_T1.jpg,True,4032,3024,461.33,합격
102795@2_03001_220805_P1_T1.jpg,True,4032,3024,363.0,합격
102796@4_03001_220805_P1_T1.jpg,True,4032,3024,602.86,합격
102797@2_03001_220805_P1_T1.jpg,True,4032,3024,412.64,합격
102800@4_03001_220805_P1_T1.jpg,True,4032,3024,617.47,합격
102802@2_03001_220805_P1_T1.jpg,True,4032,3024,269.92,합격
102803@4_03001_220805_P1_T1.jpg,True,4032,3024,937.65,합격
102804@5_03001_220805_P1_T1.jpg,True,4032,3024,536.31,합격
102805@1_03001_220805_P1_T1.jpg,True,4032,3024,487.7,합격
102806@4_03001_220805_P1_T1.jpg,True,4032,3024,638.57,합격
102807@3_03001_220805_P1_T1.jpg,True,4032,3024,583.5,합격
102808@2_03001_220805_P1_T1.jpg,True,4032,3024,472.64,합격
102809@1_03001_220805_P1_T1.jpg,True,4032,3024,660.25,합격
102810@5_03001_220805_P1_T1.jpg,True,4032,3024,507.25,합격
102811@1_03001_220805_P1_T1.jpg,True,4032,3024,444.47,합격
102812@5_03001_220805_P1_T1.jpg,True,4032,3024,660.48,합격
102813@5_03001_220805_P1_T1.jpg,True,4032,3024,776.36,합격
102814@4_03001_220805_P1_T1.jpg,True,4032,3024,797.04,합격
102815@3_03001_220805_P1_T1.jpg,True,4032,3024,870.43,합격
102816@2_03001_220805_P1_T1.jpg,True,4032,3024,462.1,합격
102822@2_03001_220805_P1_T1.jpg,True,4032,3024,367.0,합격
102823@5_03001_220805_P1_T1.jpg,True,4032,3024,557.15,합격
102824@4_03001_220805_P1_T1.jpg,True,4032,3024,668.62,합격
102827@4_03001_220805_P1_T1.jpg,True,4032,3024,296.57,합격
102829@4_03001_220805_P1_T1.jpg,True,4032,3024,427.87,합격
102830@3_03001_220805_P1_T1.jpg,True,4032,3024,452.68,합격
102832@2_03001_220805_P1_T1.jpg,True,4032,3024,428.93,합격
102834@3_03001_220805_P1_T1.jpg,True,4032,3024,757.51,합격
102835@1_03001_220805_P1_T1.jpg,True,4032,3024,1220.66,합격
102838@3_03001_220805_P1_T1.jpg,True,4032,3024,300.71,합격
102839@1_03001_220805_P1_T1.jpg,True,4032,3024,741.47,합격
102840@5_03001_220805_P1_T1.jpg,True,4032,3024,610.85,합격
102841@3_03001_220805_P1_T1.jpg,True,4032,3024,576.51,합격
102842@4_03001_220805_P1_T1.jpg,True,4032,3024,438.66,합격
102843@1_03001_220805_P1_T1.jpg,True,4032,3024,598.81,합격
102845@2_03001_220805_P1_T1.jpg,True,4032,3024,498.44,합격
102846@3_03001_220805_P1_T1.jpg,True,4032,3024,546.69,합격
102847@4_03001_220805_P1_T1.jpg,True,4032,3024,413.19,합격
102848@5_03001_220805_P1_T1.jpg,True,4032,3024,719.24,합격
102849@4_03001_220805_P1_T1.jpg,True,4032,3024,548.26,합격
102850@2_03001_220805_P1_T1.jpg,True,4032,3024,287.75,합격
102851@1_03001_220805_P1_T1.jpg,True,4032,3024,1194.21,합격
102852@4_03001_220805_P1_T1.jpg,True,4032,3024,765.26,합격
102854@3_03001_220805_P1_T1.jpg,True,4032,3024,653.61,합격
102858@2_03001_220805_P1_T1.jpg,True,4032,3024,372.22,합격
102859@4_03001_220805_P1_T1.jpg,True,4032,3024,699.42,합격
102860@1_03001_220805_P1_T1.jpg,True,4032,3024,851.72,합격
102861@5_03001_220805_P1_T1.jpg,True,4032,3024,559.25,합격
102865@4_03001_220805_P1_T1.jpg,True,4032,3024,636.16,합격
102866@1_03001_220805_P1_T1.jpg,True,4032,3024,470.11,합격
102868@5_03001_220805_P1_T1.jpg,True,4032,3024,693.45,합격
102869@5_03001_220805_P1_T1.jpg,True,4032,3024,841.18,합격
102871@3_03001_220805_P1_T1.jpg,True,4032,3024,599.87,합격
102872@5_03001_220805_P1_T1.jpg,True,4032,3024,717.86,합격
102873@2_03001_220805_P1_T1.jpg,True,4032,3024,350.58,합격
102878@2_03001_220805_P1_T1.jpg,True,4032,3024,452.26,합격
102879@1_03001_220805_P1_T1.jpg,True,4032,3024,555.64,합격
102880@5_03001_220805_P1_T1.jpg,True,4032,3024,547.06,합격
102881@2_03001_220805_P1_T1.jpg,True,4032,3024,564.3,합격
102882@3_03001_220805_P1_T1.jpg,True,4032,3024,447.63,합격
102884@1_03001_220805_P1_T1.jpg,True,4032,3024,504.98,합격
102885@5_03001_220805_P1_T1.jpg,True,4032,3024,816.02,합격
102886@3_03001_220805_P1_T1.jpg,True,4032,3024,610.2,합격
102887@2_03001_220805_P1_T1.jpg,True,4032,3024,387.73,합격
102888@4_03001_220805_P1_T1.jpg,True,4032,3024,632.39,합격
102889@5_03001_220805_P1_T1.jpg,True,4032,3024,558.16,합격
102891@3_03001_220805_P1_T1.jpg,True,4032,3024,504.56,합격
102895@2_03001_220805_P1_T1.jpg,True,4032,3024,702.8,합격
102896@1_03001_220805_P1_T1.jpg,True,4032,3024,964.8,합격
102898@1_03001_220805_P1_T1.jpg,True,4032,3024,590.95,합격
102899@5_03001_220805_P1_T1.jpg,True,4032,3024,581.2,합격
102901@2_03001_220805_P1_T1.jpg,True,4032,3024,287.98,합격
102902@4_03001_220805_P1_T1.jpg,True,4032,3024,780.76,합격
102904@2_03001_220805_P1_T1.jpg,True,4032,3024,456.48,합격
102905@1_03001_220805_P1_T1.jpg,True,4032,3024,539.16,합격
102906@5_03001_220805_P1_T1.jpg,True,4032,3024,708.42,합격
102907@4_03001_220805_P1_T1.jpg,True,4032,3024,527.25,합격
102908@2_03001_220805_P1_T1.jpg,True,4032,3024,502.48,합격
102909@4_03001_220805_P1_T1.jpg,True,4032,3024,547.27,합격
103130@3_03001_220805_P1_T1.jpg,True,4032,3024,763.11,합격
103133@1_03001_220805_P1_T1.jpg,True,4032,3024,302.79,합격
103134@4_03001_220805_P1_T1.jpg,True,4032,3024,453.81,합격
103135@2_03001_220805_P1_T1.jpg,True,4032,3024,395.42,합격
103137@4_03001_220805_P1_T1.jpg,True,4032,3024,577.74,합격
103138@1_03001_220805_P1_T1.jpg,True,4032,3024,452.36,합격
103139@3_03001_220805_P1_T1.jpg,True,4032,3024,615.09,합격
103140@3_03001_220805_P1_T1.jpg,True,4032,3024,222.38,합격
103141@5_03001_220805_P1_T1.jpg,True,4032,3024,499.94,합격
103142@1_03001_220805_P1_T1.jpg,True,4032,3024,692.7,합격
103143@4_03001_220805_P1_T1.jpg,True,4032,3024,595.83,합격
103145@1_03001_220805_P1_T1.jpg,True,4032,3024,529.1,합격
103146@3_03001_220805_P1_T1.jpg,True,4032,3024,397.71,합격
103148@2_03001_220805_P1_T1.jpg,True,4032,3024,218.25,합격
103149@4_03001_220805_P1_T1.jpg,True,4032,3024,544.34,합격
103153@2_03001_220805_P1_T1.jpg,True,4032,3024,327.64,합격
103154@2_03001_220805_P1_T1.jpg,True,4032,3024,294.57,합격
103156@4_03001_220805_P1_T1.jpg,True,4032,3024,440.07,합격
103157@4_03001_220805_P1_T1.jpg,True,4032,3024,495.34,합격
103159@3_03001_220805_P1_T1.jpg,True,4032,3024,536.39,합격
103160@5_03001_220805_P1_T1.jpg,True,4032,3024,569.83,합격
103161@2_03001_220805_P1_T1.jpg,True,4032,3024,298.16,합격
103162@3_03001_220805_P1_T1.jpg,True,4032,3024,522.55,합격
103163@1_03001_220805_P1_T1.jpg,True,4032,3024,461.67,합격
103164@3_03001_220805_P1_T1.jpg,True,4032,3024,456.87,합격
103165@2_03001_220805_P1_T1.jpg,True,4032,3024,348.73,합격
103166@2_03001_220805_P1_T1.jpg,True,4032,3024,269.19,합격
103169@2_03001_220805_P1_T1.jpg,True,4032,3024,253.56,합격
103171@4_03001_220805_P1_T1.jpg,True,4032,3024,417.07,합격
103172@2_03001_220805_P1_T1.jpg,True,4032,3024,215.74,합격
103173@5_03001_220805_P1_T1.jpg,True,4032,3024,414.95,합격
103175@4_03001_220805_P1_T1.jpg,True,4032,3024,555.08,합격
103176@5_03001_220805_P1_T1.jpg,True,4032,3024,754.31,합격
103177@1_03001_220805_P1_T1.jpg,True,4032,3024,395.76,합격
103178@3_03001_220805_P1_T1.jpg,True,4032,3024,761.93,합격
103179@2_03001_220805_P1_T1.jpg,True,4032,3024,407.93,합격
103181@3_03001_220805_P1_T1.jpg,True,4032,3024,634.22,합격
103183@2_03001_220805_P1_T1.jpg,True,4032,3024,247.13,합격
103184@1_03001_220805_P1_T1.jpg,True,4032,3024,489.58,합격
103185@2_03001_220805_P1_T1.jpg,True,4032,3024,257.07,합격
103186@5_03001_220805_P1_T1.jpg,True,4032,3024,497.92,합격
103187@4_03001_220805_P1_T1.jpg,True,4032,3024,690.23,합격
103189@1_03001_220805_P1_T1.jpg,True,4032,3024,466.72,합격
103191@1_03001_220805_P1_T1.jpg,True,4032,3024,600.54,합격
103192@2_03001_220805_P1_T1.jpg,True,4032,3024,318.43,합격
103194@5_03001_220805_P1_T1.jpg,True,4032,3024,406.77,합격
103196@2_03001_220805_P1_T1.jpg,True,4032,3024,351.05,합격
103197@1_03001_220805_P1_T1.jpg,True,4032,3024,427.22,합격
103199@3_03001_220805_P1_T1.jpg,True,4032,3024,525.06,합격
103200@5_03001_220805_P1_T1.jpg,True,4032,3024,610.81,합격
103202@5_03001_220805_P1_T1.jpg,True,4032,3024,570.07,합격
103203@4_03001_220805_P1_T1.jpg,True,4032,3024,451.76,합격
103204@3_03001_220805_P1_T1.jpg,True,4032,3024,599.53,합격
103205@1_03001_220805_P1_T1.jpg,True,4032,3024,408.55,합격
103206@1_03001_220805_P1_T1.jpg,True,4032,3024,362.34,합격
103209@4_03001_220805_P1_T1.jpg,True,4032,3024,602.86,합격
103210@1_03001_220805_P1_T1.jpg,True,4032,3024,311.29,합격
103213@5_03001_220805_P1_T1.jpg,True,4032,3024,463.6,합격
103214@1_03001_220805_P1_T1.jpg,True,4032,3024,429.92,합격
103215@2_03001_220805_P1_T1.jpg,True,4032,3024,502.82,합격
103218@1_03001_220805_P1_T1.jpg,True,4032,3024,487.12,합격
103219@2_03001_220805_P1_T1.jpg,True,4032,3024,339.48,합격
103220@4_03001_220805_P1_T1.jpg,True,4032,3024,365.01,합격
103224@5_03001_220805_P1_T1.jpg,True,4032,3024,547.48,합격
103225@4_03001_220805_P1_T1.jpg,True,4032,3024,658.4,합격
103226@2_03001_220805_P1_T1.jpg,True,4032,3024,396.93,합격
103228@1_03001_220805_P1_T1.jpg,True,4032,3024,415.24,합격
103229@1_03001_220805_P1_T1.jpg,True,4032,3024,665.69,합격
103230@4_03001_220805_P1_T1.jpg,True,4032,3024,501.72,합격
103231@4_03001_220805_P1_T1.jpg,True,4032,3024,582.22,합격
103232@2_03001_220805_P1_T1.jpg,True,4032,3024,541.14,합격
103233@5_03001_220805_P1_T1.jpg,True,4032,3024,385.15,합격
103234@3_03001_220805_P1_T1.jpg,True,4032,3024,432.46,합격
103236@5_03001_220805_P1_T1.jpg,True,4032,3024,619.7,합격
103237@4_03001_220805_P1_T1.jpg,True,4032,3024,468.86,합격
103238@3_03001_220805_P1_T1.jpg,True,4032,3024,483.98,합격
103239@3_03001_220805_P1_T1.jpg,True,4032,3024,523.15,합격
103241@4_03001_220805_P1_T1.jpg,True,4032,3024,599.02,합격
103243@2_03001_220805_P1_T1.jpg,True,4032,3024,390.95,합격
103244@3_03001_220805_P1_T1.jpg,True,4032,3024,395.91,합격
103246@3_03001_220805_P1_T1.jpg,True,4032,3024,467.58,합격
103247@2_03001_220805_P1_T1.jpg,True,4032,3024,226.44,합격
103248@5_03001_220805_P1_T1.jpg,True,4032,3024,534.9,합격
103249@5_03001_220805_P1_T1.jpg,True,4032,3024,686.75,합격
103250@5_03001_220805_P1_T1.jpg,True,4032,3024,628.05,합격
103251@1_03001_220805_P1_T1.jpg,True,4032,3024,555.52,합격
103253@3_03001_220805_P1_T1.jpg,True,4032,3024,466.32,합격
103254@1_03001_220805_P1_T1.jpg,True,4032,3024,472.74,합격
103255@5_03001_220805_P1_T1.jpg,True,4032,3024,606.01,합격
103256@3_03001_220805_P1_T1.jpg,True,4032,3024,577.28,합격
103257@2_03001_220805_P1_T1.jpg,True,4032,3024,373.25,합격
103258@4_03001_220805_P1_T1.jpg,True,4032,3024,637.52,합격
103259@5_03001_220805_P1_T1.jpg,True,4032,3024,618.75,합격
103260@5_03001_220805_P1_T1.jpg,True,4032,3024,480.79,합격
103261@4_03001_220805_P1_T1.jpg,True,4032,3024,601.1,합격
103263@1_03001_220805_P1_T1.jpg,True,4032,3024,389.06,합격
103264@4_03001_220805_P1_T1.jpg,True,4032,3024,765.27,합격
103266@3_03001_220805_P1_T1.jpg,True,4032,3024,454.23,합격
103268@1_03001_220805_P1_T1.jpg,True,4032,3024,379.01,합격
103270@5_03001_220805_P1_T1.jpg,True,4032,3024,526.28,합격
103272@2_03001_220805_P1_T1.jpg,True,4032,3024,476.06,합격
103273@4_03001_220805_P1_T1.jpg,True,4032,3024,623.1,합격
103274@5_03001_220805_P1_T1.jpg,True,4032,3024,623.51,합격
103275@5_03001_220805_P1_T1.jpg,True,4032,3024,536.38,합격
103276@3_03001_220805_P1_T1.jpg,True,4032,3024,358.89,합격
103277@4_03001_220805_P1_T1.jpg,True,4032,3024,461.84,합격
103278@1_03001_220805_P1_T1.jpg,True,4032,3024,351.83,합격
103279@2_03001_220805_P1_T1.jpg,True,4032,3024,235.4,합격
103280@5_03001_220805_P1_T1.jpg,True,4032,3024,402.23,합격
103281@5_03001_220805_P1_T1.jpg,True,4032,3024,654.12,합격
103282@3_03001_220805_P1_T1.jpg,True,4032,3024,403.05,합격
103283@4_03001_220805_P1_T1.jpg,True,4032,3024,438.11,합격
103284@2_03001_220805_P1_T1.jpg,True,4032,3024,474.39,합격
103285@3_03001_220805_P1_T1.jpg,True,4032,3024,386.21,합격
103286@5_03001_220805_P1_T1.jpg,True,4032,3024,588.22,합격
103287@1_03001_220805_P1_T1.jpg,True,4032,3024,361.72,합격
103288@4_03001_220805_P1_T1.jpg,True,4032,3024,613.11,합격
103290@3_03001_220805_P1_T1.jpg,True,4032,3024,568.62,합격
103291@5_03001_220805_P1_T1.jpg,True,4032,3024,568.02,합격
103293@1_03001_220805_P1_T1.jpg,True,4032,3024,322.38,합격
103295@2_03001_220805_P1_T1.jpg,True,4032,3024,375.52,합격
103297@5_03001_220805_P1_T1.jpg,True,4032,3024,415.93,합격
103298@4_03001_220805_P1_T1.jpg,True,4032,3024,632.53,합격
103300@1_03001_220805_P1_T1.jpg,True,4032,3024,452.25,합격
103301@1_03001_220805_P1_T1.jpg,True,4032,3024,437.4,합격
103302@5_03001_220805_P1_T1.jpg,True,4032,3024,600.49,합격
103303@4_03001_220805_P1_T1.jpg,True,4032,3024,517.65,합격
103307@5_03001_220805_P1_T1.jpg,True,4032,3024,400.05,합격
103310@3_03001_220805_P1_T1.jpg,True,4032,3024,510.88,합격
103311@5_03001_220805_P1_T1.jpg,True,4032,3024,576.94,합격
103312@1_03001_220805_P1_T1.jpg,True,4032,3024,368.47,합격
103313@4_03001_220805_P1_T1.jpg,True,4032,3024,499.79,합격
103315@5_03001_220805_P1_T1.jpg,True,4032,3024,546.11,합격
103317@3_03001_220805_P1_T1.jpg,True,4032,3024,686.36,합격
103318@4_03001_220805_P1_T1.jpg,True,4032,3024,427.73,합격
103319@3_03001_220805_P1_T1.jpg,True,4032,3024,271.53,합격
103323@4_03001_220805_P1_T1.jpg,True,4032,3024,635.8,합격
103324@3_03001_220805_P1_T1.jpg,True,4032,3024,442.85,합격
103325@3_03001_220805_P1_T1.jpg,True,4032,3024,514.99,합격
103327@1_03001_220805_P1_T1.jpg,True,4032,3024,544.05,합격
103328@2_03001_220805_P1_T1.jpg,True,4032,3024,390.46,합격
103329@4_03001_220805_P1_T1.jpg,True,4032,3024,488.37,합격
103814@2_03001_220804_P1_T1.jpg,True,4000,2250,802.65,합격
103817@5_03001_220804_P1_T1.jpg,True,4000,2250,991.07,합격
103819@4_03001_220804_P1_T1.jpg,True,4000,2250,953.11,합격
103820@3_03001_220804_P1_T1.jpg,True,4000,2250,1247.08,합격
103821@2_03001_220804_P1_T1.jpg,True,4000,2250,1252.22,합격
103825@4_03001_220804_P1_T1.jpg,True,4000,2250,449.69,합격
103830@1_03001_220804_P1_T1.jpg,True,4000,2250,1323.78,합격
103831@1_03001_220804_P1_T1.jpg,True,4000,2250,838.89,합격
103832@3_03001_220804_P1_T1.jpg,True,4000,2250,1154.04,합격
103841@3_03001_220804_P1_T1.jpg,True,4000,2250,1127.1,합격
103842@5_03001_220804_P1_T1.jpg,True,4000,2250,869.55,합격
103846@2_03001_220804_P1_T1.jpg,True,4000,2250,526.31,합격
103847@5_03001_220804_P1_T1.jpg,True,4000,2250,1324.84,합격
103848@4_03001_220804_P1_T1.jpg,True,4000,2250,1586.76,합격
103850@4_03001_220804_P1_T1.jpg,True,4000,2250,946.69,합격
103852@1_03001_220804_P1_T1.jpg,True,4000,2250,1687.63,합격
103855@5_03001_220804_P1_T1.jpg,True,4000,2250,659.37,합격
103857@4_03001_220804_P1_T1.jpg,True,4000,2250,1067.17,합격
103858@5_03001_220804_P1_T1.jpg,True,4000,2250,1000.53,합격
103860@2_03001_220804_P1_T1.jpg,True,4000,2250,878.53,합격
103861@3_03001_220804_P1_T1.jpg,True,4000,2250,974.68,합격
103862@2_03001_220804_P1_T1.jpg,True,4000,2250,1113.0,합격
103867@4_03001_220804_P1_T1.jpg,True,4000,2250,356.4,합격
103872@3_03001_220804_P1_T1.jpg,True,4000,2250,516.84,합격
103874@1_03001_220804_P1_T1.jpg,True,4000,2250,1924.25,합격
103875@2_03001_220804_P1_T1.jpg,True,4000,2250,1067.85,합격
103881@1_03001_220804_P1_T1.jpg,True,4000,2250,1900.74,합격
103882@1_03001_220804_P1_T1.jpg,True,4000,2250,1557.34,합격
103884@5_03001_220804_P1_T1.jpg,True,4000,2250,791.62,합격
103886@5_03001_220804_P1_T1.jpg,True,4000,2250,744.94,합격
103887@2_03001_220804_P1_T1.jpg,True,4000,2250,677.05,합격
103896@5_03001_220804_P1_T1.jpg,True,4000,2250,1042.64,합격
103897@2_03001_220804_P1_T1.jpg,True,4000,2250,1080.51,합격
103898@4_03001_220804_P1_T1.jpg,True,4000,2250,677.49,합격
103901@3_03001_220804_P1_T1.jpg,True,4000,2250,652.81,합격
103903@3_03001_220804_P1_T1.jpg,True,4000,2250,887.36,합격
103904@5_03001_220804_P1_T1.jpg,True,4000,2250,996.59,합격
103908@3_03001_220804_P1_T1.jpg,True,4000,2250,719.8,합격
103909@1_03001_220804_P1_T1.jpg,True,4000,2250,1279.15,합격
103910@2_03001_220804_P1_T1.jpg,True,4000,2250,707.36,합격
103916@4_03001_220804_P1_T1.jpg,True,4000,2250,586.57,합격
103917@4_03001_220804_P1_T1.jpg,True,4000,2250,1160.04,합격
103923@4_03001_220804_P1_T1.jpg,True,4000,2250,1494.27,합격
103924@5_03001_220804_P1_T1.jpg,True,4000,2250,643.17,합격
103927@3_03001_220804_P1_T1.jpg,True,4000,2250,1127.9,합격
103929@1_03001_220804_P1_T1.jpg,True,4000,2250,1226.99,합격
103934@5_03001_220804_P1_T1.jpg,True,4000,2250,1587.52,합격
103936@3_03001_220804_P1_T1.jpg,True,4000,2250,649.06,합격
103938@2_03001_220804_P1_T1.jpg,True,4000,2250,776.74,합격
103939@2_03001_220804_P1_T1.jpg,True,4000,2250,714.32,합격
103940@5_03001_220804_P1_T1.jpg,True,4000,2250,895.01,합격
103943@2_03001_220804_P1_T1.jpg,True,4000,2250,859.35,합격
103944@2_03001_220804_P1_T1.jpg,True,4000,2250,868.7,합격
103947@1_03001_220804_P1_T1.jpg,True,4000,2250,1350.39,합격
103948@1_03001_220804_P1_T1.jpg,True,4000,2250,1135.02,합격
103952@1_03001_220804_P1_T1.jpg,True,4000,2250,1988.12,합격
103953@2_03001_220804_P1_T1.jpg,True,4000,2250,575.17,합격
103956@4_03001_220804_P1_T1.jpg,True,4000,2250,612.09,합격
103959@3_03001_220804_P1_T1.jpg,True,4000,2250,200.66,합격
103967@3_03001_220804_P1_T1.jpg,True,4000,2250,1077.02,합격
103970@5_03001_220804_P1_T1.jpg,True,4000,2250,1185.34,합격
103971@2_03001_220804_P1_T1.jpg,True,4000,2250,615.62,합격
103972@5_03001_220804_P1_T1.jpg,True,4000,2250,925.08,합격
103973@4_03001_220804_P1_T1.jpg,True,4000,2250,1749.76,합격
103974@5_03001_220804_P1_T1.jpg,True,4000,2250,1570.8,합격
103976@5_03001_220804_P1_T1.jpg,True,4000,2250,565.01,합격
103978@3_03001_220804_P1_T1.jpg,True,4000,2250,895.38,합격
103979@5_03001_220804_P1_T1.jpg,True,4000,2250,552.08,합격
103980@4_03001_220804_P1_T1.jpg,True,4000,2250,819.03,합격
103984@4_03001_220804_P1_T1.jpg,True,4000,2250,337.79,합격
103985@1_03001_220804_P1_T1.jpg,True,4000,2250,2147.3,합격
103991@4_03001_220804_P1_T1.jpg,True,4000,2250,451.26,합격
103992@1_03001_220804_P1_T1.jpg,True,4000,2250,1260.37,합격
103993@3_03001_220804_P1_T1.jpg,True,4000,2250,1147.48,합격
103995@1_03001_220804_P1_T1.jpg,True,4000,2250,920.37,합격
103996@4_03001_220804_P1_T1.jpg,True,4000,2250,791.67,합격
103998@1_03001_220804_P1_T1.jpg,True,4000,2250,1337.58,합격
104001@4_03001_220804_P1_T1.jpg,True,4000,2250,274.38,합격
104003@3_03001_220804_P1_T1.jpg,True,4000,2250,1083.82,합격
104008@5_03001_220804_P1_T1.jpg,True,4000,2250,1157.96,합격
104009@5_03001_220804_P1_T1.jpg,True,4000,2250,270.1,합격
104161@2_03001_220805_P1_T1.jpg,True,4032,2268,523.18,합격
104164@1_03001_220805_P1_T1.jpg,True,4032,2268,1578.4,합격
104167@3_03001_220805_P1_T1.jpg,True,4032,2268,619.21,합격
104168@4_03001_220805_P1_T1.jpg,True,4032,2268,384.72,합격
104171@4_03001_220805_P1_T1.jpg,True,4032,2268,532.61,합격
104172@1_03001_220805_P1_T1.jpg,True,4032,2268,860.31,합격
104175@1_03001_220805_P1_T1.jpg,True,4032,2268,810.47,합격
104177@4_03001_220805_P1_T1.jpg,True,4032,2268,499.55,합격
104180@3_03001_220805_P1_T1.jpg,True,4032,2268,742.2,합격
104181@5_03001_220805_P1_T1.jpg,True,4032,2268,201.44,합격
104183@4_03001_220805_P1_T1.jpg,True,4032,2268,613.15,합격
104184@3_03001_220805_P1_T1.jpg,True,4032,2268,445.39,합격
104185@5_03001_220805_P1_T1.jpg,True,4032,2268,164.49,합격
104186@1_03001_220805_P1_T1.jpg,True,4032,2268,1117.75,합격
104188@3_03001_220805_P1_T1.jpg,True,4032,2268,308.66,합격
104190@4_03001_220805_P1_T1.jpg,True,4032,2268,635.6,합격
104191@3_03001_220805_P1_T1.jpg,True,4032,2268,535.49,합격
104192@2_03001_220805_P1_T1.jpg,True,4032,2268,517.2,합격
104194@5_03001_220805_P1_T1.jpg,True,4032,2268,529.86,합격
104197@3_03001_220805_P1_T1.jpg,True,4032,2268,792.99,합격
104200@4_03001_220805_P1_T1.jpg,True,4032,2268,1032.9,합격
104202@2_03001_220805_P1_T1.jpg,True,4032,2268,206.18,합격
104203@1_03001_220805_P1_T1.jpg,True,4032,2268,1609.14,합격
104204@3_03001_220805_P1_T1.jpg,True,4032,2268,365.27,합격
104205@5_03001_220805_P1_T1.jpg,True,4032,2268,260.66,합격
104206@4_03001_220805_P1_T1.jpg,True,4032,2268,599.68,합격
104209@4_03001_220805_P1_T1.jpg,True,4032,2268,223.96,합격
104213@1_03001_220805_P1_T1.jpg,True,4032,2268,1185.48,합격
104214@2_03001_220805_P1_T1.jpg,True,4032,2268,253.85,합격
104215@3_03001_220805_P1_T1.jpg,True,4032,2268,994.33,합격
104217@2_03001_220805_P1_T1.jpg,True,4032,2268,323.51,합격
104218@1_03001_220805_P1_T1.jpg,True,4032,2268,1534.59,합격
104219@4_03001_220805_P1_T1.jpg,True,4032,2268,690.07,합격
104221@5_03001_220805_P1_T1.jpg,True,4032,2268,416.36,합격
104222@3_03001_220805_P1_T1.jpg,True,4032,2268,285.22,합격
104223@1_03001_220805_P1_T1.jpg,True,4032,2268,975.04,합격
104224@2_03001_220805_P1_T1.jpg,True,4032,2268,353.67,합격
104226@3_03001_220805_P1_T1.jpg,True,4032,2268,358.6,합격
104227@2_03001_220805_P1_T1.jpg,True,4032,2268,379.63,합격
104228@2_03001_220805_P1_T1.jpg,True,4032,2268,207.2,합격
104230@1_03001_220805_P1_T1.jpg,True,4032,2268,727.74,합격
104231@5_03001_220805_P1_T1.jpg,True,4032,2268,244.63,합격
104232@5_03001_220805_P1_T1.jpg,True,4032,2268,583.0,합격
104233@5_03001_220805_P1_T1.jpg,True,4032,2268,165.4,합격
104238@1_03001_220805_P1_T1.jpg,True,4032,2268,669.22,합격
104239@1_03001_220805_P1_T1.jpg,True,4032,2268,1534.58,합격
104240@5_03001_220805_P1_T1.jpg,True,4032,2268,243.89,합격
104241@2_03001_220805_P1_T1.jpg,True,4032,2268,498.64,합격
104242@5_03001_220805_P1_T1.jpg,True,4032,2268,260.22,합격
104243@4_03001_220805_P1_T1.jpg,True,4032,2268,860.33,합격
104245@5_03001_220805_P1_T1.jpg,True,4032,2268,248.77,합격
104247@2_03001_220805_P1_T1.jpg,True,4032,2268,255.69,합격
104248@3_03001_220805_P1_T1.jpg,True,4032,2268,465.51,합격
104249@1_03001_220805_P1_T1.jpg,True,4032,2268,1230.17,합격
104250@4_03001_220805_P1_T1.jpg,True,4032,2268,397.14,합격
104252@1_03001_220805_P1_T1.jpg,True,4032,2268,763.4,합격
104253@5_03001_220805_P1_T1.jpg,True,4032,2268,362.63,합격
104254@2_03001_220805_P1_T1.jpg,True,4032,2268,334.61,합격
104257@5_03001_220805_P1_T1.jpg,True,4032,2268,423.91,합격
104258@4_03001_220805_P1_T1.jpg,True,4032,2268,213.12,합격
104259@2_03001_220805_P1_T1.jpg,True,4032,2268,255.64,합격
104310@2_03001_220804_P1_T1.jpg,True,4000,2250,977.17,합격
104314@4_03001_220804_P1_T1.jpg,True,4000,2250,259.77,합격
104315@4_03001_220804_P1_T1.jpg,True,4000,2250,759.82,합격
104317@2_03001_220804_P1_T1.jpg,True,4000,2250,681.54,합격
104318@5_03001_220804_P1_T1.jpg,True,4000,2250,353.03,합격
104319@3_03001_220804_P1_T1.jpg,True,4000,2250,1266.14,합격
104320@1_03001_220804_P1_T1.jpg,True,4000,2250,1229.83,합격
104321@2_03001_220804_P1_T1.jpg,True,4000,2250,1070.18,합격
104324@2_03001_220804_P1_T1.jpg,True,4000,2250,1235.68,합격
104330@4_03001_220804_P1_T1.jpg,True,4000,2250,570.16,합격
104331@2_03001_220804_P1_T1.jpg,True,4000,2250,276.73,합격
104333@1_03001_220804_P1_T1.jpg,True,4000,2250,2666.16,합격
104334@3_03001_220804_P1_T1.jpg,True,4000,2250,856.66,합격
104335@1_03001_220804_P1_T1.jpg,True,4000,2250,1100.19,합격
104337@4_03001_220804_P1_T1.jpg,True,4000,2250,199.41,합격
104339@2_03001_220804_P1_T1.jpg,True,4000,2250,2182.47,합격
104340@5_03001_220804_P1_T1.jpg,True,4000,2250,831.46,합격
104341@4_03001_220804_P1_T1.jpg,True,4000,2250,361.24,합격
104342@1_03001_220804_P1_T1.jpg,True,4000,2250,2157.3,합격
104344@5_03001_220804_P1_T1.jpg,True,4000,2250,835.51,합격
104346@2_03001_220804_P1_T1.jpg,True,4000,2250,925.69,합격
104347@1_03001_220804_P1_T1.jpg,True,4000,2250,1933.83,합격
104349@1_03001_220804_P1_T1.jpg,True,4000,2250,2202.22,합격
104353@5_03001_220804_P1_T1.jpg,True,4000,2250,1621.44,합격
104354@3_03001_220804_P1_T1.jpg,True,4000,2250,1515.77,합격
104356@1_03001_220804_P1_T1.jpg,True,4000,2250,809.41,합격
104357@2_03001_220804_P1_T1.jpg,True,4000,2250,775.75,합격
104358@3_03001_220804_P1_T1.jpg,True,4000,2250,672.21,합격
104359@4_03001_220804_P1_T1.jpg,True,4000,2250,505.93,합격
104360@4_03001_220804_P1_T1.jpg,True,4000,2250,357.37,합격
104361@1_03001_220804_P1_T1.jpg,True,4000,2250,2639.35,합격
104365@4_03001_220804_P1_T1.jpg,True,4000,2250,1336.35,합격
104366@5_03001_220804_P1_T1.jpg,True,4000,2250,375.56,합격
104368@5_03001_220804_P1_T1.jpg,True,4000,2250,1841.08,합격
104369@3_03001_220804_P1_T1.jpg,True,4000,2250,709.49,합격
104371@4_03001_220804_P1_T1.jpg,True,4000,2250,1396.23,합격
104372@1_03001_220804_P1_T1.jpg,True,4000,2250,1261.44,합격
104373@4_03001_220804_P1_T1.jpg,True,4000,2250,1664.05,합격
104375@5_03001_220804_P1_T1.jpg,True,4000,2250,463.54,합격
104378@2_03001_220804_P1_T1.jpg,True,4000,2250,1064.68,합격
104379@4_03001_220804_P1_T1.jpg,True,4000,2250,465.75,합격
104383@3_03001_220804_P1_T1.jpg,True,4000,2250,773.21,합격
104384@2_03001_220804_P1_T1.jpg,True,4000,2250,426.47,합격
104385@1_03001_220804_P1_T1.jpg,True,4000,2250,842.48,합격
104386@3_03001_220804_P1_T1.jpg,True,4000,2250,254.06,합격
104387@2_03001_220804_P1_T1.jpg,True,4000,2250,213.61,합격
104388@1_03001_220804_P1_T1.jpg,True,4000,2250,1436.11,합격
104389@4_03001_220804_P1_T1.jpg,True,4000,2250,836.15,합격
104390@5_03001_220804_P1_T1.jpg,True,4000,2250,445.56,합격
104391@4_03001_220804_P1_T1.jpg,True,4000,2250,323.64,합격
104392@3_03001_220804_P1_T1.jpg,True,4000,2250,1260.16,합격
104393@5_03001_220804_P1_T1.jpg,True,4000,2250,1081.6,합격
104397@2_03001_220804_P1_T1.jpg,True,4000,2250,498.23,합격
104399@3_03001_220804_P1_T1.jpg,True,4000,2250,1777.31,합격
104401@5_03001_220804_P1_T1.jpg,True,4000,2250,1004.12,합격
104402@4_03001_220804_P1_T1.jpg,True,4000,2250,771.64,합격
104403@1_03001_220804_P1_T1.jpg,True,4000,2250,2203.46,합격
104407@3_03001_220804_P1_T1.jpg,True,4000,2250,387.45,합격
104408@1_03001_220804_P1_T1.jpg,True,4000,2250,2382.23,합격
104409@2_03001_220804_P1_T1.jpg,True,4000,2250,462.35,합격
104810@1_03001_220804_P1_T1.jpg,True,4000,2250,2336.96,합격
104811@3_03001_220804_P1_T1.jpg,True,4000,2250,1357.86,합격
104812@2_03001_220804_P1_T1.jpg,True,4000,2250,825.59,합격
104813@2_03001_220804_P1_T1.jpg,True,4000,2250,1653.4,합격
104814@1_03001_220804_P1_T1.jpg,True,4000,2250,1732.28,합격
104815@1_03001_220804_P1_T1.jpg,True,4000,2250,2401.37,합격
104816@3_03001_220804_P1_T1.jpg,True,4000,2250,1364.82,합격
104817@5_03001_220804_P1_T1.jpg,True,4000,2250,1190.21,합격
104818@5_03001_220804_P1_T1.jpg,True,4000,2250,1371.56,합격
104819@4_03001_220804_P1_T1.jpg,True,4000,2250,1656.33,합격
104821@4_03001_220804_P1_T1.jpg,True,4000,2250,1297.26,합격
104822@2_03001_220804_P1_T1.jpg,True,4000,2250,434.0,합격
104823@1_03001_220804_P1_T1.jpg,True,4000,2250,2049.45,합격
104824@3_03001_220804_P1_T1.jpg,True,4000,2250,1339.47,합격
104825@2_03001_220804_P1_T1.jpg,True,4000,2250,1723.12,합격
104826@1_03001_220804_P1_T1.jpg,True,4000,2250,2083.11,합격
104827@3_03001_220804_P1_T1.jpg,True,4000,2250,796.0,합격
104829@3_03001_220804_P1_T1.jpg,True,4000,2250,842.0,합격
104830@5_03001_220804_P1_T1.jpg,True,4000,2250,1197.95,합격
104831@1_03001_220804_P1_T1.jpg,True,4000,2250,1755.53,합격
104832@4_03001_220804_P1_T1.jpg,True,4000,2250,1922.78,합격
104833@5_03001_220804_P1_T1.jpg,True,4000,2250,335.83,합격
104834@4_03001_220804_P1_T1.jpg,True,4000,2250,728.09,합격
104835@3_03001_220804_P1_T1.jpg,True,4000,2250,1488.17,합격
104837@2_03001_220804_P1_T1.jpg,True,4000,2250,1116.56,합격
104838@1_03001_220804_P1_T1.jpg,True,4000,2250,1581.24,합격
104839@3_03001_220804_P1_T1.jpg,True,4000,2250,2032.73,합격
104840@1_03001_220804_P1_T1.jpg,True,4000,2250,2659.01,합격
104841@3_03001_220804_P1_T1.jpg,True,4000,2250,774.58,합격
104842@2_03001_220804_P1_T1.jpg,True,4000,2250,310.41,합격
104843@2_03001_220804_P1_T1.jpg,True,4000,2250,1961.82,합격
104844@4_03001_220804_P1_T1.jpg,True,4000,2250,1564.34,합격
104845@5_03001_220804_P1_T1.jpg,True,4000,2250,2170.97,합격
104846@4_03001_220804_P1_T1.jpg,True,4000,2250,1319.47,합격
104847@5_03001_220804_P1_T1.jpg,True,4000,2250,1186.27,합격
104848@4_03001_220804_P1_T1.jpg,True,4000,2250,322.34,합격
104849@5_03001_220804_P1_T1.jpg,True,4000,2250,987.77,합격
104850@3_03001_220804_P1_T1.jpg,True,4000,2250,2109.02,합격
104851@2_03001_220804_P1_T1.jpg,True,4000,2250,1407.32,합격
104852@1_03001_220804_P1_T1.jpg,True,4000,2250,2988.33,합격
104854@2_03001_220804_P1_T1.jpg,True,4000,2250,971.75,합격
104855@1_03001_220804_P1_T1.jpg,True,4000,2250,2844.21,합격
104856@3_03001_220804_P1_T1.jpg,True,4000,2250,1769.73,합격
104857@2_03001_220804_P1_T1.jpg,True,4000,2250,976.64,합격
104858@4_03001_220804_P1_T1.jpg,True,4000,2250,1402.77,합격
104859@2_03001_220804_P1_T1.jpg,True,4000,2250,346.1,합격
104860@4_03001_220804_P1_T1.jpg,True,4000,2250,1546.37,합격
104861@5_03001_220804_P1_T1.jpg,True,4000,2250,1307.63,합격
104862@4_03001_220804_P1_T1.jpg,True,4000,2250,1016.29,합격
104863@4_03001_220804_P1_T1.jpg,True,4000,2250,1734.85,합격
105625@1_03001_220802_P1_T1.jpg,True,4032,2268,166.87,합격
105627@3_03001_220802_P1_T1.jpg,True,4032,2268,95.44,합격
105628@4_03001_220802_P1_T1.jpg,True,4032,2268,114.51,합격
105629@2_03001_220802_P1_T1.jpg,True,4032,2268,205.42,합격
105630@3_03001_220802_P1_T1.jpg,True,4032,2268,93.91,합격
105631@2_03001_220802_P1_T1.jpg,True,4032,2268,491.24,합격
105633@5_03001_220802_P1_T1.jpg,True,4032,2268,250.5,합격
105634@5_03001_220802_P1_T1.jpg,True,4032,2268,206.04,합격
105636@2_03001_220802_P1_T1.jpg,True,4032,2268,234.96,합격
105637@3_03001_220802_P1_T1.jpg,True,4032,2268,128.91,합격
105640@2_03001_220802_P1_T1.jpg,True,4032,2268,149.92,합격
105642@3_03001_220802_P1_T1.jpg,True,4032,2268,117.31,합격
105643@4_03001_220802_P1_T1.jpg,True,4032,2268,99.95,합격
105645@4_03001_220802_P1_T1.jpg,True,4032,2268,132.11,합격
105646@5_03001_220802_P1_T1.jpg,True,4032,2268,282.6,합격
105648@5_03001_220802_P1_T1.jpg,True,4032,2268,235.58,합격
105649@5_03001_220802_P1_T1.jpg,True,4032,2268,136.42,합격
105651@3_03001_220802_P1_T1.jpg,True,4032,2268,256.87,합격
105652@4_03001_220802_P1_T1.jpg,True,4032,2268,160.36,합격
105655@5_03001_220802_P1_T1.jpg,True,4032,2268,253.41,합격
105657@4_03001_220802_P1_T1.jpg,True,4032,2268,90.83,합격
105658@3_03001_220802_P1_T1.jpg,True,4032,2268,145.71,합격
105659@4_03001_220802_P1_T1.jpg,True,4032,2268,96.4,합격
105660@3_03001_220802_P1_T1.jpg,True,4032,2268,344.07,합격
105661@4_03001_220802_P1_T1.jpg,True,4032,2268,104.04,합격
105662@4_03001_220802_P1_T1.jpg,True,4032,2268,159.87,합격
105663@3_03001_220802_P1_T1.jpg,True,4032,2268,115.68,합격
105664@5_03001_220802_P1_T1.jpg,True,4032,2268,158.95,합격
105673@3_03001_220802_P1_T1.jpg,True,4032,2268,167.15,합격
105674@5_03001_220802_P1_T1.jpg,True,4032,2268,105.97,합격
105675@1_03001_220802_P1_T1.jpg,True,4032,2268,107.06,합격
105676@1_03001_220802_P1_T1.jpg,True,4032,2268,117.1,합격
105679@1_03001_220802_P1_T1.jpg,True,4032,2268,117.85,합격
105680@1_03001_220802_P1_T1.jpg,True,4032,2268,158.63,합격
105681@1_03001_220802_P1_T1.jpg,True,4032,2268,103.84,합격
105682@1_03001_220802_P1_T1.jpg,True,4032,2268,196.99,합격
105683@2_03001_220802_P1_T1.jpg,True,4032,2268,121.75,합격
105684@1_03001_220802_P1_T1.jpg,True,4032,2268,113.75,합격
105685@1_03001_220802_P1_T1.jpg,True,4032,2268,109.27,합격
105686@2_03001_220802_P1_T1.jpg,True,4032,2268,227.7,합격
105687@2_03001_220802_P1_T1.jpg,True,4032,2268,197.21,합격
105688@2_03001_220802_P1_T1.jpg,True,4032,2268,141.0,합격
105689@2_03001_220802_P1_T1.jpg,True,4032,2268,104.27,합격
105690@2_03001_220802_P1_T1.jpg,True,4032,2268,146.69,합격
105694@1_03001_220802_P1_T1.jpg,True,4032,2268,262.67,합격
105696@2_03001_220802_P1_T1.jpg,True,4032,2268,102.9,합격
105697@3_03001_220802_P1_T1.jpg,True,4032,2268,90.24,합격
105698@5_03001_220802_P1_T1.jpg,True,4032,2268,200.84,합격
105699@5_03001_220802_P1_T1.jpg,True,4032,2268,99.3,합격
105700@5_03001_220802_P1_T1.jpg,True,4032,2268,81.77,합격
105701@2_03001_220802_P1_T1.jpg,True,4032,2268,215.45,합격
105706@4_03001_220802_P1_T1.jpg,True,4032,2268,220.35,합격
105707@4_03001_220802_P1_T1.jpg,True,4032,2268,384.33,합격
105711@4_03001_220802_P1_T1.jpg,True,4032,2268,154.48,합격
105712@4_03001_220802_P1_T1.jpg,True,4032,2268,106.87,합격
105714@5_03001_220802_P1_T1.jpg,True,4032,2268,227.99,합격
105715@2_03001_220802_P1_T1.jpg,True,4032,2268,181.82,합격
105716@5_03001_220802_P1_T1.jpg,True,4032,2268,129.43,합격
105717@5_03001_220802_P1_T1.jpg,True,4032,2268,140.62,합격
105719@5_03001_220802_P1_T1.jpg,True,4032,2268,109.22,합격
105720@3_03001_220802_P1_T1.jpg,True,4032,2268,265.38,합격
105721@1_03001_220802_P1_T1.jpg,True,4032,2268,100.91,합격
105722@1_03001_220802_P1_T1.jpg,True,4032,2268,119.33,합격
105724@1_03001_220802_P1_T1.jpg,True,4032,2268,157.77,합격
105725@1_03001_220802_P1_T1.jpg,True,4032,2268,158.18,합격
105726@1_03001_220802_P1_T1.jpg,True,4032,2268,168.22,합격
105728@1_03001_220802_P1_T1.jpg,True,4032,2268,111.52,합격
105731@5_03001_220802_P1_T1.jpg,True,4032,2268,232.01,합격
105733@5_03001_220802_P1_T1.jpg,True,4032,2268,269.81,합격
105734@2_03001_220802_P1_T1.jpg,True,4032,2268,278.6,합격
105735@2_03001_220802_P1_T1.jpg,True,4032,2268,245.06,합격
105736@4_03001_220802_P1_T1.jpg,True,4032,2268,95.66,합격
105737@4_03001_220802_P1_T1.jpg,True,4032,2268,173.65,합격
105738@4_03001_220802_P1_T1.jpg,True,4032,2268,170.32,합격
105739@3_03001_220802_P1_T1.jpg,True,4032,2268,131.55,합격
105740@4_03001_220802_P1_T1.jpg,True,4032,2268,216.47,합격
105741@3_03001_220802_P1_T1.jpg,True,4032,2268,123.1,합격
105742@3_03001_220802_P1_T1.jpg,True,4032,2268,143.3,합격
105745@5_03001_220802_P1_T1.jpg,True,4032,2268,107.73,합격
105747@3_03001_220802_P1_T1.jpg,True,4032,2268,304.96,합격
105748@4_03001_220802_P1_T1.jpg,True,4032,2268,85.71,합격
105749@4_03001_220802_P1_T1.jpg,True,4032,2268,210.49,합격
105876@5_03001_220803_P1_T1.jpg,True,4032,2268,196.46,합격
105880@1_03001_220803_P1_T1.jpg,True,4032,2268,181.39,합격
105881@2_03001_220803_P1_T1.jpg,True,4032,2268,206.06,합격
105883@4_03001_220803_P1_T1.jpg,True,4032,2268,114.6,합격
105884@2_03001_220803_P1_T1.jpg,True,4032,2268,213.44,합격
105888@3_03001_220803_P1_T1.jpg,True,4032,2268,123.58,합격
105891@1_03001_220803_P1_T1.jpg,True,4032,2268,144.46,합격
1066905@1_03001_221017_P1_T1.jpg,True,4000,2252,1499.1,합격
1066929@2_03001_221017_P1_T1.jpg,True,4000,2252,100.71,합격
107055@1_03001_220804_P1_T1.jpg,True,4032,3024,348.21,합격
107056@1_03001_220804_P1_T1.jpg,True,4032,3024,319.93,합격
107058@2_03001_220804_P1_T1.jpg,True,4032,3024,163.4,합격
107059@4_03001_220804_P1_T1.jpg,True,4032,3024,228.4,합격
107062@5_03001_220804_P1_T1.jpg,True,4032,3024,336.82,합격
107063@4_03001_220804_P1_T1.jpg,True,4032,3024,257.08,합격
107064@5_03001_220804_P1_T1.jpg,True,4032,3024,336.14,합격
107065@4_03001_220804_P1_T1.jpg,True,4032,3024,252.5,합격
107066@1_03001_220804_P1_T1.jpg,True,4032,3024,277.09,합격
107067@5_03001_220804_P1_T1.jpg,True,4032,3024,297.32,합격
107069@1_03001_220804_P1_T1.jpg,True,4032,3024,357.82,합격
107070@2_03001_220804_P1_T1.jpg,True,4032,3024,255.79,합격
107072@3_03001_220804_P1_T1.jpg,True,4032,3024,276.29,합격
107074@1_03001_220804_P1_T1.jpg,True,4032,3024,327.13,합격
107075@2_03001_220804_P1_T1.jpg,True,4032,3024,182.73,합격
107076@2_03001_220804_P1_T1.jpg,True,4032,3024,173.57,합격
107077@3_03001_220804_P1_T1.jpg,True,4032,3024,246.77,합격
107079@5_03001_220804_P1_T1.jpg,True,4032,3024,294.21,합격
107080@4_03001_220804_P1_T1.jpg,True,4032,3024,224.21,합격
107081@5_03001_220804_P1_T1.jpg,True,4032,3024,339.38,합격
107082@4_03001_220804_P1_T1.jpg,True,4032,3024,316.98,합격
107084@5_03001_220804_P1_T1.jpg,True,4032,3024,214.61,합격
107085@3_03001_220804_P1_T1.jpg,True,4032,3024,251.83,합격
107086@5_03001_220804_P1_T1.jpg,True,4032,3024,289.68,합격
107087@3_03001_220804_P1_T1.jpg,True,4032,3024,360.75,합격
107088@1_03001_220804_P1_T1.jpg,True,4032,3024,263.17,합격
107090@2_03001_220804_P1_T1.jpg,True,4032,3024,277.64,합격
107091@2_03001_220804_P1_T1.jpg,True,4032,3024,242.03,합격
107092@4_03001_220804_P1_T1.jpg,True,4032,3024,335.64,합격
107093@1_03001_220804_P1_T1.jpg,True,4032,3024,342.33,합격
107094@5_03001_220804_P1_T1.jpg,True,4032,3024,200.03,합격
107095@4_03001_220804_P1_T1.jpg,True,4032,3024,250.82,합격
107096@3_03001_220804_P1_T1.jpg,True,4032,3024,267.21,합격
107100@3_03001_220804_P1_T1.jpg,True,4032,3024,161.6,합격
107101@2_03001_220804_P1_T1.jpg,True,4032,3024,227.92,합격
107103@2_03001_220804_P1_T1.jpg,True,4032,3024,324.99,합격
107104@4_03001_220804_P1_T1.jpg,True,4032,3024,234.76,합격
107105@1_03001_220804_P1_T1.jpg,True,4032,3024,318.1,합격
107106@5_03001_220804_P1_T1.jpg,True,4032,3024,306.48,합격
107107@1_03001_220804_P1_T1.jpg,True,4032,3024,403.01,합격
107109@2_03001_220804_P1_T1.jpg,True,4032,3024,179.43,합격
107110@3_03001_220804_P1_T1.jpg,True,4032,3024,234.57,합격
107111@3_03001_220804_P1_T1.jpg,True,4032,3024,295.37,합격
107113@4_03001_220804_P1_T1.jpg,True,4032,3024,256.89,합격
107114@4_03001_220804_P1_T1.jpg,True,4032,3024,371.89,합격
107115@1_03001_220804_P1_T1.jpg,True,4032,3024,302.21,합격
107116@2_03001_220804_P1_T1.jpg,True,4032,3024,144.79,합격
107117@5_03001_220804_P1_T1.jpg,True,4032,3024,390.75,합격
107118@4_03001_220804_P1_T1.jpg,True,4032,3024,229.89,합격
107120@5_03001_220804_P1_T1.jpg,True,4032,3024,346.87,합격
107121@4_03001_220804_P1_T1.jpg,True,4032,3024,340.8,합격
107122@4_03001_220804_P1_T1.jpg,True,4032,3024,344.44,합격
107123@3_03001_220804_P1_T1.jpg,True,4032,3024,219.42,합격
107124@2_03001_220804_P1_T1.jpg,True,4032,3024,168.12,합격
107125@2_03001_220804_P1_T1.jpg,True,4032,3024,260.65,합격
107126@1_03001_220804_P1_T1.jpg,True,4032,3024,358.56,합격
107130@3_03001_220804_P1_T1.jpg,True,4032,3024,284.42,합격
107134@2_03001_220804_P1_T1.jpg,True,4032,3024,164.69,합격
107135@3_03001_220804_P1_T1.jpg,True,4032,3024,154.74,합격
107136@4_03001_220804_P1_T1.jpg,True,4032,3024,247.15,합격
107137@3_03001_220804_P1_T1.jpg,True,4032,3024,309.95,합격
107138@3_03001_220804_P1_T1.jpg,True,4032,3024,258.96,합격
107142@2_03001_220804_P1_T1.jpg,True,4032,3024,256.96,합격
107143@2_03001_220804_P1_T1.jpg,True,4032,3024,254.89,합격
107144@1_03001_220804_P1_T1.jpg,True,4032,3024,342.76,합격
107145@4_03001_220804_P1_T1.jpg,True,4032,3024,349.05,합격
107146@4_03001_220804_P1_T1.jpg,True,4032,3024,216.74,합격
107147@1_03001_220804_P1_T1.jpg,True,4032,3024,255.15,합격
107148@5_03001_220804_P1_T1.jpg,True,4032,3024,190.92,합격
107149@5_03001_220804_P1_T1.jpg,True,4032,3024,237.59,합격
107150@3_03001_220804_P1_T1.jpg,True,4032,3024,230.09,합격
107151@2_03001_220804_P1_T1.jpg,True,4032,3024,174.47,합격
107152@4_03001_220804_P1_T1.jpg,True,4032,3024,230.05,합격
107154@5_03001_220804_P1_T1.jpg,True,4032,3024,386.48,합격
107155@5_03001_220804_P1_T1.jpg,True,4032,3024,337.79,합격
107157@5_03001_220804_P1_T1.jpg,True,4032,3024,340.08,합격
107158@4_03001_220804_P1_T1.jpg,True,4032,3024,273.1,합격
107159@1_03001_220804_P1_T1.jpg,True,4032,3024,344.39,합격
107161@2_03001_220804_P1_T1.jpg,True,4032,3024,215.12,합격
107163@3_03001_220804_P1_T1.jpg,True,4032,3024,204.87,합격
107165@1_03001_220804_P1_T1.jpg,True,4032,3024,319.22,합격
107166@3_03001_220804_P1_T1.jpg,True,4032,3024,247.73,합격
107167@2_03001_220804_P1_T1.jpg,True,4032,3024,168.91,합격
107168@3_03001_220804_P1_T1.jpg,True,4032,3024,178.88,합격
107169@4_03001_220804_P1_T1.jpg,True,4032,3024,256.98,합격
107170@1_03001_220804_P1_T1.jpg,True,4032,3024,372.25,합격
107171@5_03001_220804_P1_T1.jpg,True,4032,3024,164.93,합격
107172@3_03001_220804_P1_T1.jpg,True,4032,3024,203.66,합격
107175@4_03001_220804_P1_T1.jpg,True,4032,3024,261.8,합격
107176@5_03001_220804_P1_T1.jpg,True,4032,3024,320.8,합격
107177@5_03001_220804_P1_T1.jpg,True,4032,3024,374.15,합격
107178@2_03001_220804_P1_T1.jpg,True,4032,3024,202.04,합격
107179@4_03001_220804_P1_T1.jpg,True,4032,3024,292.05,합격
107180@3_03001_220804_P1_T1.jpg,True,4032,3024,314.17,합격
107181@1_03001_220804_P1_T1.jpg,True,4032,3024,399.37,합격
107184@3_03001_220804_P1_T1.jpg,True,4032,3024,223.54,합격
107185@2_03001_220804_P1_T1.jpg,True,4032,3024,263.04,합격
107186@1_03001_220804_P1_T1.jpg,True,4032,3024,294.9,합격
107187@1_03001_220804_P1_T1.jpg,True,4032,3024,411.76,합격
107189@4_03001_220804_P1_T1.jpg,True,4032,3024,363.09,합격
107190@3_03001_220804_P1_T1.jpg,True,4032,3024,297.36,합격
107192@4_03001_220804_P1_T1.jpg,True,4032,3024,216.49,합격
107193@3_03001_220804_P1_T1.jpg,True,4032,3024,194.61,합격
107195@4_03001_220804_P1_T1.jpg,True,4032,3024,245.36,합격
107196@3_03001_220804_P1_T1.jpg,True,4032,3024,314.06,합격
107198@2_03001_220804_P1_T1.jpg,True,4032,3024,180.81,합격
107199@1_03001_220804_P1_T1.jpg,True,4032,3024,340.54,합격
107200@5_03001_220804_P1_T1.jpg,True,4032,3024,426.69,합격
107201@4_03001_220804_P1_T1.jpg,True,4032,3024,267.97,합격
107203@1_03001_220804_P1_T1.jpg,True,4032,3024,429.17,합격
107204@2_03001_220804_P1_T1.jpg,True,4032,3024,193.21,합격
107900@4_03001_220804_P1_T1.jpg,True,4032,3024,246.08,합격
107901@3_03001_220804_P1_T1.jpg,True,4032,3024,218.73,합격
107902@4_03001_220804_P1_T1.jpg,True,4032,3024,210.07,합격
107905@4_03001_220804_P1_T1.jpg,True,4032,3024,184.13,합격
107907@1_03001_220804_P1_T1.jpg,True,4032,3024,515.88,합격
107908@2_03001_220804_P1_T1.jpg,True,4032,3024,165.93,합격
107910@3_03001_220804_P1_T1.jpg,True,4032,3024,247.91,합격
107911@5_03001_220804_P1_T1.jpg,True,4032,3024,300.95,합격
107912@2_03001_220804_P1_T1.jpg,True,4032,3024,171.57,합격
107913@4_03001_220804_P1_T1.jpg,True,4032,3024,209.02,합격
107914@5_03001_220804_P1_T1.jpg,True,4032,3024,230.39,합격
107916@3_03001_220804_P1_T1.jpg,True,4032,3024,187.77,합격
107917@2_03001_220804_P1_T1.jpg,True,4032,3024,213.4,합격
107918@4_03001_220804_P1_T1.jpg,True,4032,3024,170.91,합격
107919@1_03001_220804_P1_T1.jpg,True,4032,3024,417.91,합격
107920@5_03001_220804_P1_T1.jpg,True,4032,3024,252.87,합격
107921@3_03001_220804_P1_T1.jpg,True,4032,3024,126.49,합격
107922@1_03001_220804_P1_T1.jpg,True,4032,3024,324.71,합격
107923@5_03001_220804_P1_T1.jpg,True,4032,3024,152.54,합격
107924@1_03001_220804_P1_T1.jpg,True,4032,3024,437.97,합격
107929@1_03001_220804_P1_T1.jpg,True,4032,3024,365.69,합격
107934@5_03001_220804_P1_T1.jpg,True,4032,3024,219.43,합격
107935@5_03001_220804_P1_T1.jpg,True,4032,3024,309.03,합격
107937@3_03001_220804_P1_T1.jpg,True,4032,3024,150.03,합격
107938@4_03001_220804_P1_T1.jpg,True,4032,3024,170.08,합격
107939@3_03001_220804_P1_T1.jpg,True,4032,3024,294.12,합격
107940@2_03001_220804_P1_T1.jpg,True,4032,3024,203.59,합격
107942@3_03001_220804_P1_T1.jpg,True,4032,3024,186.88,합격
107943@1_03001_220804_P1_T1.jpg,True,4032,3024,281.75,합격
107944@5_03001_220804_P1_T1.jpg,True,4032,3024,274.39,합격
107945@4_03001_220804_P1_T1.jpg,True,4032,3024,279.59,합격
107947@2_03001_220804_P1_T1.jpg,True,4032,3024,146.26,합격
107948@3_03001_220804_P1_T1.jpg,True,4032,3024,262.0,합격
107949@1_03001_220804_P1_T1.jpg,True,4032,3024,306.11,합격
107951@4_03001_220804_P1_T1.jpg,True,4032,3024,179.52,합격
107952@5_03001_220804_P1_T1.jpg,True,4032,3024,255.39,합격
107953@3_03001_220804_P1_T1.jpg,True,4032,3024,223.81,합격
107954@3_03001_220804_P1_T1.jpg,True,4032,3024,174.11,합격
107956@2_03001_220804_P1_T1.jpg,True,4032,3024,227.15,합격
107957@3_03001_220804_P1_T1.jpg,True,4032,3024,252.58,합격
107959@1_03001_220804_P1_T1.jpg,True,4032,3024,282.43,합격
107960@4_03001_220804_P1_T1.jpg,True,4032,3024,197.55,합격
107961@2_03001_220804_P1_T1.jpg,True,4032,3024,137.73,합격
107963@4_03001_220804_P1_T1.jpg,True,4032,3024,280.52,합격
107966@4_03001_220804_P1_T1.jpg,True,4032,3024,310.84,합격
107968@1_03001_220804_P1_T1.jpg,True,4032,3024,303.78,합격
107969@5_03001_220804_P1_T1.jpg,True,4032,3024,258.49,합격
107970@4_03001_220804_P1_T1.jpg,True,4032,3024,279.58,합격
107972@1_03001_220804_P1_T1.jpg,True,4032,3024,471.05,합격
107973@2_03001_220804_P1_T1.jpg,True,4032,3024,137.39,합격
107976@5_03001_220804_P1_T1.jpg,True,4032,3024,255.49,합격
107977@2_03001_220804_P1_T1.jpg,True,4032,3024,255.93,합격
107979@4_03001_220804_P1_T1.jpg,True,4032,3024,230.34,합격
107980@2_03001_220804_P1_T1.jpg,True,4032,3024,167.04,합격
107984@4_03001_220804_P1_T1.jpg,True,4032,3024,243.41,합격
107985@2_03001_220804_P1_T1.jpg,True,4032,3024,259.8,합격
107986@3_03001_220804_P1_T1.jpg,True,4032,3024,230.12,합격
107987@1_03001_220804_P1_T1.jpg,True,4032,3024,257.18,합격
107988@3_03001_220804_P1_T1.jpg,True,4032,3024,157.96,합격
107989@4_03001_220804_P1_T1.jpg,True,4032,3024,236.53,합격
107991@5_03001_220804_P1_T1.jpg,True,4032,3024,158.46,합격
107994@1_03001_220804_P1_T1.jpg,True,4032,3024,371.01,합격
107995@5_03001_220804_P1_T1.jpg,True,4032,3024,271.92,합격
107996@2_03001_220804_P1_T1.jpg,True,4032,3024,222.57,합격
107997@3_03001_220804_P1_T1.jpg,True,4032,3024,223.81,합격
107998@4_03001_220804_P1_T1.jpg,True,4032,3024,262.24,합격
107999@1_03001_220804_P1_T1.jpg,True,4032,3024,388.07,합격
108003@3_03001_220804_P1_T1.jpg,True,4032,3024,243.86,합격
108005@5_03001_220804_P1_T1.jpg,True,4032,3024,317.98,합격
108006@5_03001_220804_P1_T1.jpg,True,4032,3024,315.98,합격
108008@3_03001_220804_P1_T1.jpg,True,4032,3024,193.35,합격
108010@4_03001_220804_P1_T1.jpg,True,4032,3024,265.37,합격
108012@5_03001_220804_P1_T1.jpg,True,4032,3024,287.15,합격
108013@2_03001_220804_P1_T1.jpg,True,4032,3024,170.84,합격
108014@1_03001_220804_P1_T1.jpg,True,4032,3024,363.16,합격
108015@5_03001_220804_P1_T1.jpg,True,4032,3024,321.53,합격
108016@1_03001_220804_P1_T1.jpg,True,4032,3024,380.3,합격
108018@3_03001_220804_P1_T1.jpg,True,4032,3024,201.78,합격
108019@2_03001_220804_P1_T1.jpg,True,4032,3024,252.96,합격
108021@5_03001_220804_P1_T1.jpg,True,4032,3024,220.13,합격
108022@1_03001_220804_P1_T1.jpg,True,4032,3024,410.39,합격
108024@4_03001_220804_P1_T1.jpg,True,4032,3024,177.54,합격
108025@5_03001_220804_P1_T1.jpg,True,4032,3024,280.18,합격
108027@3_03001_220804_P1_T1.jpg,True,4032,3024,136.15,합격
108028@1_03001_220804_P1_T1.jpg,True,4032,3024,334.95,합격
108032@1_03001_220804_P1_T1.jpg,True,4032,3024,344.33,합격
108034@4_03001_220804_P1_T1.jpg,True,4032,3024,273.27,합격
108035@4_03001_220804_P1_T1.jpg,True,4032,3024,176.85,합격
108037@5_03001_220804_P1_T1.jpg,True,4032,3024,274.86,합격
108038@2_03001_220804_P1_T1.jpg,True,4032,3024,197.17,합격
108039@3_03001_220804_P1_T1.jpg,True,4032,3024,260.32,합격
108040@2_03001_220804_P1_T1.jpg,True,4032,3024,232.95,합격
108042@2_03001_220804_P1_T1.jpg,True,4032,3024,163.22,합격
108043@1_03001_220804_P1_T1.jpg,True,4032,3024,405.86,합격
108044@5_03001_220804_P1_T1.jpg,True,4032,3024,214.89,합격
108046@4_03001_220804_P1_T1.jpg,True,4032,3024,168.87,합격
108047@4_03001_220804_P1_T1.jpg,True,4032,3024,261.91,합격
108048@3_03001_220804_P1_T1.jpg,True,4032,3024,262.52,합격
10834@4_03001_220715_P1_T1.jpg,True,4032,2268,173.53,합격
10835@1_03001_220715_P1_T1.jpg,True,4032,2268,315.8,합격
10837@2_03001_220715_P1_T1.jpg,True,4032,2268,380.71,합격
10838@3_03001_220715_P1_T1.jpg,True,4032,2268,755.69,합격
10839@4_03001_220715_P1_T1.jpg,True,4032,2268,443.18,합격
10840@5_03001_220715_P1_T1.jpg,True,4032,2268,431.39,합격
10841@4_03001_220715_P1_T1.jpg,True,4032,2268,118.39,합격
10846@1_03001_220715_P1_T1.jpg,True,4032,2268,436.45,합격
10847@4_03001_220715_P1_T1.jpg,True,4032,2268,114.48,합격
10848@3_03001_220715_P1_T1.jpg,True,4032,2268,310.04,합격
10850@3_03001_220715_P1_T1.jpg,True,4032,3024,1893.89,합격
10853@2_03001_220715_P1_T1.jpg,True,4032,2268,200.54,합격
108549@1_03001_220804_P1_T1.jpg,True,4032,3024,635.41,합격
10854@4_03001_220715_P1_T1.jpg,True,4032,2268,213.78,합격
108552@5_03001_220804_P1_T1.jpg,True,4032,3024,444.38,합격
108554@5_03001_220804_P1_T1.jpg,True,4032,3024,307.7,합격
108555@1_03001_220804_P1_T1.jpg,True,4032,3024,675.42,합격
108559@4_03001_220804_P1_T1.jpg,True,4032,3024,294.72,합격
108561@5_03001_220804_P1_T1.jpg,True,4032,3024,416.76,합격
108562@3_03001_220804_P1_T1.jpg,True,4032,3024,368.79,합격
108563@5_03001_220804_P1_T1.jpg,True,4032,3024,404.31,합격
108565@1_03001_220804_P1_T1.jpg,True,4032,3024,842.66,합격
108568@3_03001_220804_P1_T1.jpg,True,4032,3024,463.22,합격
108570@4_03001_220804_P1_T1.jpg,True,4032,3024,432.52,합격
108573@1_03001_220804_P1_T1.jpg,True,4032,3024,819.75,합격
108577@4_03001_220804_P1_T1.jpg,True,4032,3024,385.75,합격
108578@1_03001_220804_P1_T1.jpg,True,4032,3024,422.23,합격
108579@5_03001_220804_P1_T1.jpg,True,4032,3024,188.89,합격
10857@1_03001_220715_P1_T1.jpg,True,4032,2268,434.85,합격
108580@2_03001_220804_P1_T1.jpg,True,4032,3024,209.17,합격
108583@3_03001_220804_P1_T1.jpg,True,4032,3024,767.82,합격
108585@4_03001_220804_P1_T1.jpg,True,4032,3024,529.01,합격
108590@4_03001_220804_P1_T1.jpg,True,4032,3024,369.86,합격
108592@2_03001_220804_P1_T1.jpg,True,4032,3024,155.49,합격
108597@2_03001_220804_P1_T1.jpg,True,4032,3024,358.29,합격
10862@2_03001_220715_P1_T1.jpg,True,4032,2268,129.33,합격
108658@5_03001_220804_P1_T1.jpg,True,4032,3024,367.47,합격
267052@3_03001_220820_P1_T1.jpg,True,4000,2250,1461.36,합격
267059@4_03001_220820_P1_T1.jpg,True,4000,2250,1190.14,합격
267063@4_03001_220820_P1_T1.jpg,True,4000,2250,1769.98,합격
267067@1_03001_220820_P1_T1.jpg,True,4000,2250,2104.26,합격
267074@1_03001_220820_P1_T1.jpg,True,4000,2250,2558.49,합격
267076@1_03001_220820_P1_T1.jpg,True,4000,2250,4943.96,합격
267083@1_03001_220820_P1_T1.jpg,True,4000,2250,2824.68,합격
267097@3_03001_220820_P1_T1.jpg,True,4000,2250,1157.75,합격
267100@1_03001_220820_P1_T1.jpg,True,4000,2250,2242.68,합격
267102@1_03001_220820_P1_T1.jpg,True,4000,2250,2215.99,합격
267107@3_03001_220820_P1_T1.jpg,True,4000,2250,1141.41,합격
267122@3_03001_220820_P1_T1.jpg,True,4000,2250,1454.8,합격
267125@1_03001_220820_P1_T1.jpg,True,4000,2250,2242.99,합격
267129@1_03001_220820_P1_T1.jpg,True,4000,2250,1418.79,합격
267130@1_03001_220820_P1_T1.jpg,True,4000,2250,2332.92,합격
267673@1_03001_220825_P1_T1.jpg,True,4032,2268,171.02,합격
267678@4_03001_220825_P1_T1.jpg,True,4032,2268,88.29,합격
267681@5_03001_220825_P1_T1.jpg,True,4032,2268,94.3,합격
267686@5_03001_220825_P1_T1.jpg,True,4032,2268,115.38,합격
267687@5_03001_220825_P1_T1.jpg,True,4032,2268,120.55,합격
267689@5_03001_220825_P1_T1.jpg,True,4032,2268,90.11,합격
268300@1_03001_220825_P1_T1.jpg,True,4032,2268,297.04,합격
268309@2_03001_220825_P1_T1.jpg,True,4032,2268,91.2,합격
268310@5_03001_220825_P1_T1.jpg,True,4032,2268,106.61,합격
268311@2_03001_220825_P1_T1.jpg,True,4032,2268,152.85,합격
268312@2_03001_220825_P1_T1.jpg,True,4032,2268,371.92,합격
268313@1_03001_220825_P1_T1.jpg,True,4032,2268,132.61,합격
268314@3_03001_220825_P1_T1.jpg,True,4032,2268,246.43,합격
268315@1_03001_220825_P1_T1.jpg,True,4032,2268,142.64,합격
268318@5_03001_220825_P1_T1.jpg,True,4032,2268,108.0,합격
268319@2_03001_220825_P1_T1.jpg,True,4032,2268,189.61,합격
268321@5_03001_220825_P1_T1.jpg,True,4032,2268,119.77,합격
268322@5_03001_220825_P1_T1.jpg,True,4032,2268,85.25,합격
268323@2_03001_220825_P1_T1.jpg,True,4032,2268,91.14,합격
268326@4_03001_220825_P1_T1.jpg,True,4032,2268,180.34,합격
268327@3_03001_220825_P1_T1.jpg,True,4032,2268,168.63,합격
268328@1_03001_220825_P1_T1.jpg,True,4032,2268,178.15,합격
268329@4_03001_220825_P1_T1.jpg,True,4032,2268,210.19,합격
268330@3_03001_220825_P1_T1.jpg,True,4032,2268,120.38,합격
268331@3_03001_220825_P1_T1.jpg,True,4032,2268,264.53,합격
268333@4_03001_220825_P1_T1.jpg,True,4032,2268,158.9,합격
268334@4_03001_220825_P1_T1.jpg,True,4032,2268,187.02,합격
268336@5_03001_220825_P1_T1.jpg,True,4032,2268,189.91,합격
268337@5_03001_220825_P1_T1.jpg,True,4032,2268,103.83,합격
268338@5_03001_220825_P1_T1.jpg,True,4032,2268,161.54,합격
268341@1_03001_220825_P1_T1.jpg,True,4032,2268,157.91,합격
268342@1_03001_220825_P1_T1.jpg,True,4032,2268,207.7,합격
268343@3_03001_220825_P1_T1.jpg,True,4032,2268,122.42,합격
268346@2_03001_220825_P1_T1.jpg,True,4032,2268,275.78,합격
268352@2_03001_220825_P1_T1.jpg,True,4032,2268,116.55,합격
268353@3_03001_220825_P1_T1.jpg,True,4032,2268,128.29,합격
268354@3_03001_220825_P1_T1.jpg,True,4032,2268,152.89,합격
268355@3_03001_220825_P1_T1.jpg,True,4032,2268,103.07,합격
268356@2_03001_220825_P1_T1.jpg,True,4032,2268,131.34,합격
268358@5_03001_220825_P1_T1.jpg,True,4032,2268,85.91,합격
268359@1_03001_220825_P1_T1.jpg,True,4032,2268,185.0,합격
268360@2_03001_220825_P1_T1.jpg,True,4032,2268,140.99,합격
268361@2_03001_220825_P1_T1.jpg,True,4032,2268,154.53,합격
268362@3_03001_220825_P1_T1.jpg,True,4032,2268,175.05,합격
268363@3_03001_220825_P1_T1.jpg,True,4032,2268,127.96,합격
268364@4_03001_220825_P1_T1.jpg,True,4032,2268,135.07,합격
268365@3_03001_220825_P1_T1.jpg,True,4032,2268,105.83,합격
268366@3_03001_220825_P1_T1.jpg,True,4032,2268,278.87,합격
268368@1_03001_220825_P1_T1.jpg,True,4032,2268,227.43,합격
268372@4_03001_220825_P1_T1.jpg,True,4032,2268,103.23,합격
268373@4_03001_220825_P1_T1.jpg,True,4032,2268,229.93,합격
268374@5_03001_220825_P1_T1.jpg,True,4032,2268,288.2,합격
268376@5_03001_220825_P1_T1.jpg,True,4032,2268,169.74,합격
268377@5_03001_220825_P1_T1.jpg,True,4032,2268,184.79,합격
268378@4_03001_220825_P1_T1.jpg,True,4032,2268,96.21,합격
268379@5_03001_220825_P1_T1.jpg,True,4032,2268,89.31,합격
268380@1_03001_220825_P1_T1.jpg,True,4032,2268,195.81,합격
268382@2_03001_220825_P1_T1.jpg,True,4032,2268,116.42,합격
268383@1_03001_220825_P1_T1.jpg,True,4032,2268,204.47,합격
268386@2_03001_220825_P1_T1.jpg,True,4032,2268,191.11,합격
268387@2_03001_220825_P1_T1.jpg,True,4032,2268,104.01,합격
268388@3_03001_220825_P1_T1.jpg,True,4032,2268,128.99,합격
268389@3_03001_220825_P1_T1.jpg,True,4032,2268,165.59,합격
268390@1_03001_220825_P1_T1.jpg,True,4032,2268,171.73,합격
268391@1_03001_220825_P1_T1.jpg,True,4032,2268,242.74,합격
268392@1_03001_220825_P1_T1.jpg,True,4032,2268,143.03,합격
268395@4_03001_220825_P1_T1.jpg,True,4032,2268,118.05,합격
268396@2_03001_220825_P1_T1.jpg,True,4032,2268,124.49,합격
268398@1_03001_220825_P1_T1.jpg,True,4032,2268,274.09,합격
268399@5_03001_220825_P1_T1.jpg,True,4032,2268,131.74,합격
268401@5_03001_220825_P1_T1.jpg,True,4032,2268,304.78,합격
268402@3_03001_220825_P1_T1.jpg,True,4032,2268,194.7,합격
268406@1_03001_220825_P1_T1.jpg,True,4032,2268,296.46,합격
268407@4_03001_220825_P1_T1.jpg,True,4032,2268,120.84,합격
268408@4_03001_220825_P1_T1.jpg,True,4032,2268,90.96,합격
268411@3_03001_220825_P1_T1.jpg,True,4032,2268,131.63,합격
268412@5_03001_220825_P1_T1.jpg,True,4032,2268,104.93,합격
268413@2_03001_220825_P1_T1.jpg,True,4032,2268,216.62,합격
268415@2_03001_220825_P1_T1.jpg,True,4032,2268,106.52,합격
268417@3_03001_220825_P1_T1.jpg,True,4032,2268,88.3,합격
268419@1_03001_220825_P1_T1.jpg,True,4032,2268,108.7,합격
268420@4_03001_220825_P1_T1.jpg,True,4032,2268,88.22,합격
268422@3_03001_220825_P1_T1.jpg,True,4032,2268,171.29,합격
268425@4_03001_220825_P1_T1.jpg,True,4032,2268,86.24,합격
268427@5_03001_220825_P1_T1.jpg,True,4032,2268,260.81,합격
268429@5_03001_220825_P1_T1.jpg,True,4032,2268,102.06,합격
268432@1_03001_220825_P1_T1.jpg,True,4032,2268,170.34,합격
268434@2_03001_220825_P1_T1.jpg,True,4032,2268,237.06,합격
268437@1_03001_220825_P1_T1.jpg,True,4032,2268,141.17,합격
268440@3_03001_220825_P1_T1.jpg,True,4032,2268,193.02,합격
268441@2_03001_220825_P1_T1.jpg,True,4032,2268,154.57,합격
268442@3_03001_220825_P1_T1.jpg,True,4032,2268,218.38,합격
268443@2_03001_220825_P1_T1.jpg,True,4032,2268,160.6,합격
268445@2_03001_220825_P1_T1.jpg,True,4032,2268,188.75,합격
268447@1_03001_220825_P1_T1.jpg,True,4032,2268,162.37,합격
268448@1_03001_220825_P1_T1.jpg,True,4032,2268,172.78,합격
268449@1_03001_220825_P1_T1.jpg,True,4032,2268,212.69,합격
268450@4_03001_220825_P1_T1.jpg,True,4032,2268,246.48,합격
268452@1_03001_220825_P1_T1.jpg,True,4032,2268,81.54,합격
268453@3_03001_220825_P1_T1.jpg,True,4032,2268,161.56,합격
268454@4_03001_220825_P1_T1.jpg,True,4032,2268,295.68,합격
268455@4_03001_220825_P1_T1.jpg,True,4032,2268,119.06,합격
268456@2_03001_220825_P1_T1.jpg,True,4032,2268,85.28,합격
268458@5_03001_220825_P1_T1.jpg,True,4032,2268,287.51,합격
268459@2_03001_220825_P1_T1.jpg,True,4032,2268,141.96,합격
268460@4_03001_220825_P1_T1.jpg,True,4032,2268,201.3,합격
268461@2_03001_220825_P1_T1.jpg,True,4032,2268,111.19,합격
268462@4_03001_220825_P1_T1.jpg,True,4032,2268,110.18,합격
268463@5_03001_220825_P1_T1.jpg,True,4032,2268,160.2,합격
268464@5_03001_220825_P1_T1.jpg,True,4032,2268,148.95,합격
268465@3_03001_220825_P1_T1.jpg,True,4032,2268,183.52,합격
268466@1_03001_220825_P1_T1.jpg,True,4032,2268,146.45,합격
268468@3_03001_220825_P1_T1.jpg,True,4032,2268,101.22,합격
268469@1_03001_220825_P1_T1.jpg,True,4032,2268,389.57,합격
268470@2_03001_220825_P1_T1.jpg,True,4032,2268,122.57,합격
268473@2_03001_220825_P1_T1.jpg,True,4032,2268,86.6,합격
268474@3_03001_220825_P1_T1.jpg,True,4032,2268,96.55,합격
268476@2_03001_220825_P1_T1.jpg,True,4032,2268,224.79,합격
268478@2_03001_220825_P1_T1.jpg,True,4032,2268,93.39,합격
268479@1_03001_220825_P1_T1.jpg,True,4032,2268,96.52,합격
268480@1_03001_220825_P1_T1.jpg,True,4032,2268,137.11,합격
268481@3_03001_220825_P1_T1.jpg,True,4032,2268,114.38,합격
268482@5_03001_220825_P1_T1.jpg,True,4032,2268,232.34,합격
268483@1_03001_220825_P1_T1.jpg,True,4032,2268,286.57,합격
268484@2_03001_220825_P1_T1.jpg,True,4032,2268,146.7,합격
268485@1_03001_220825_P1_T1.jpg,True,4032,2268,87.94,합격
268486@2_03001_220825_P1_T1.jpg,True,4032,2268,83.0,합격
268487@2_03001_220825_P1_T1.jpg,True,4032,2268,211.86,합격
268488@2_03001_220825_P1_T1.jpg,True,4032,2268,92.47,합격
268489@3_03001_220825_P1_T1.jpg,True,4032,2268,80.16,합격
268490@3_03001_220825_P1_T1.jpg,True,4032,2268,129.27,합격
268493@2_03001_220825_P1_T1.jpg,True,4032,2268,237.83,합격
268495@1_03001_220825_P1_T1.jpg,True,4032,2268,144.54,합격
268496@1_03001_220825_P1_T1.jpg,True,4032,2268,103.37,합격
268497@4_03001_220825_P1_T1.jpg,True,4032,2268,102.15,합격
268499@4_03001_220825_P1_T1.jpg,True,4032,2268,120.65,합격
268500@3_03001_220825_P1_T1.jpg,True,4032,2268,97.5,합격
268501@4_03001_220825_P1_T1.jpg,True,4032,2268,93.63,합격
268504@4_03001_220825_P1_T1.jpg,True,4032,2268,139.92,합격
268508@4_03001_220825_P1_T1.jpg,True,4032,2268,130.21,합격
268509@3_03001_220825_P1_T1.jpg,True,4032,2268,272.62,합격
268512@4_03001_220825_P1_T1.jpg,True,4032,2268,89.95,합격
268513@5_03001_220825_P1_T1.jpg,True,4032,2268,105.32,합격
268514@5_03001_220825_P1_T1.jpg,True,4032,2268,129.61,합격
268515@5_03001_220825_P1_T1.jpg,True,4032,2268,126.52,합격
268516@4_03001_220825_P1_T1.jpg,True,4032,2268,213.79,합격
269600@4_03001_220825_P1_T1.jpg,True,4032,2268,665.32,합격
269601@5_03001_220825_P1_T1.jpg,True,4032,2268,425.36,합격
269602@2_03001_220825_P1_T1.jpg,True,4032,2268,443.55,합격
269603@3_03001_220825_P1_T1.jpg,True,4032,2268,822.81,합격
269604@4_03001_220825_P1_T1.jpg,True,4032,2268,558.97,합격
269605@5_03001_220825_P1_T1.jpg,True,4032,2268,536.81,합격
269606@3_03001_220825_P1_T1.jpg,True,4032,2268,375.83,합격
269607@3_03001_220825_P1_T1.jpg,True,4032,2268,596.8,합격
269608@1_03001_220825_P1_T1.jpg,True,4032,2268,1228.69,합격
269609@1_03001_220825_P1_T1.jpg,True,4032,2268,1036.79,합격
269610@2_03001_220825_P1_T1.jpg,True,4032,2268,324.37,합격
269611@2_03001_220825_P1_T1.jpg,True,4032,2268,325.5,합격
269612@4_03001_220825_P1_T1.jpg,True,4032,2268,501.1,합격
269614@2_03001_220825_P1_T1.jpg,True,4032,2268,387.19,합격
269615@3_03001_220825_P1_T1.jpg,True,4032,2268,334.53,합격
269618@5_03001_220825_P1_T1.jpg,True,4032,2268,680.42,합격
269619@5_03001_220825_P1_T1.jpg,True,4032,2268,398.98,합격
269620@1_03001_220825_P1_T1.jpg,True,4032,2268,996.73,합격
269621@4_03001_220825_P1_T1.jpg,True,4032,2268,127.45,합격
269622@2_03001_220825_P1_T1.jpg,True,4032,2268,440.47,합격
269623@2_03001_220825_P1_T1.jpg,True,4032,2268,344.33,합격
269624@1_03001_220825_P1_T1.jpg,True,4032,2268,1112.2,합격
269625@1_03001_220825_P1_T1.jpg,True,4032,2268,883.15,합격
269627@4_03001_220825_P1_T1.jpg,True,4032,2268,368.42,합격
269628@1_03001_220825_P1_T1.jpg,True,4032,2268,936.27,합격
269629@5_03001_220825_P1_T1.jpg,True,4032,2268,619.96,합격
269630@3_03001_220825_P1_T1.jpg,True,4032,2268,766.52,합격
269632@5_03001_220825_P1_T1.jpg,True,4032,2268,515.25,합격
269633@2_03001_220825_P1_T1.jpg,True,4032,2268,286.95,합격
269634@5_03001_220825_P1_T1.jpg,True,4032,2268,292.5,합격
269635@4_03001_220825_P1_T1.jpg,True,4032,2268,812.05,합격
269637@1_03001_220825_P1_T1.jpg,True,4032,2268,993.18,합격
269638@5_03001_220825_P1_T1.jpg,True,4032,2268,573.73,합격
269639@2_03001_220825_P1_T1.jpg,True,4032,2268,196.88,합격
269640@1_03001_220825_P1_T1.jpg,True,4032,2268,1126.38,합격
269642@4_03001_220825_P1_T1.jpg,True,4032,2268,626.73,합격
269643@3_03001_220825_P1_T1.jpg,True,4032,2268,593.36,합격
269645@5_03001_220825_P1_T1.jpg,True,4032,2268,391.62,합격
269646@2_03001_220825_P1_T1.jpg,True,4032,2268,319.88,합격
269649@3_03001_220825_P1_T1.jpg,True,4032,2268,393.23,합격
269650@4_03001_220825_P1_T1.jpg,True,4032,2268,494.68,합격
269652@5_03001_220825_P1_T1.jpg,True,4032,2268,505.61,합격
269653@3_03001_220825_P1_T1.jpg,True,4032,2268,417.93,합격
269654@3_03001_220825_P1_T1.jpg,True,4032,2268,365.68,합격
269655@4_03001_220825_P1_T1.jpg,True,4032,2268,788.72,합격
269656@1_03001_220825_P1_T1.jpg,True,4032,2268,839.31,합격
269657@4_03001_220825_P1_T1.jpg,True,4032,2268,456.46,합격
269658@2_03001_220825_P1_T1.jpg,True,4032,2268,475.28,합격
269659@5_03001_220825_P1_T1.jpg,True,4032,2268,501.41,합격
269661@2_03001_220825_P1_T1.jpg,True,4032,2268,390.35,합격
269662@4_03001_220825_P1_T1.jpg,True,4032,2268,599.09,합격
269664@4_03001_220825_P1_T1.jpg,True,4032,2268,631.67,합격
269665@3_03001_220825_P1_T1.jpg,True,4032,2268,658.46,합격
269666@3_03001_220825_P1_T1.jpg,True,4032,2268,410.29,합격
269667@4_03001_220825_P1_T1.jpg,True,4032,2268,518.13,합격
269668@5_03001_220825_P1_T1.jpg,True,4032,2268,441.88,합격
269669@2_03001_220825_P1_T1.jpg,True,4032,2268,607.84,합격
269670@2_03001_220825_P1_T1.jpg,True,4032,2268,341.23,합격
269671@4_03001_220825_P1_T1.jpg,True,4032,2268,694.79,합격
269673@5_03001_220825_P1_T1.jpg,True,4032,2268,442.46,합격
269674@4_03001_220825_P1_T1.jpg,True,4032,2268,419.98,합격
269675@2_03001_220825_P1_T1.jpg,True,4032,2268,319.16,합격
269676@3_03001_220825_P1_T1.jpg,True,4032,2268,692.65,합격
269677@1_03001_220825_P1_T1.jpg,True,4032,2268,870.26,합격
269679@3_03001_220825_P1_T1.jpg,True,4032,2268,359.41,합격
269680@3_03001_220825_P1_T1.jpg,True,4032,2268,231.01,합격
269682@2_03001_220825_P1_T1.jpg,True,4032,2268,321.48,합격
269683@5_03001_220825_P1_T1.jpg,True,4032,2268,394.87,합격
269684@4_03001_220825_P1_T1.jpg,True,4032,2268,621.65,합격
269685@5_03001_220825_P1_T1.jpg,True,4032,2268,637.58,합격
269686@3_03001_220825_P1_T1.jpg,True,4032,2268,447.8,합격
269688@1_03001_220825_P1_T1.jpg,True,4032,2268,941.69,합격
269690@2_03001_220825_P1_T1.jpg,True,4032,2268,406.13,합격
269691@2_03001_220825_P1_T1.jpg,True,4032,2268,336.76,합격
269692@3_03001_220825_P1_T1.jpg,True,4032,2268,376.86,합격
269693@5_03001_220825_P1_T1.jpg,True,4032,2268,506.99,합격
269694@1_03001_220825_P1_T1.jpg,True,4032,2268,897.39,합격
269695@4_03001_220825_P1_T1.jpg,True,4032,2268,661.52,합격
269696@5_03001_220825_P1_T1.jpg,True,4032,2268,260.83,합격
269697@3_03001_220825_P1_T1.jpg,True,4032,2268,701.84,합격
269698@3_03001_220825_P1_T1.jpg,True,4032,2268,409.43,합격
269699@1_03001_220825_P1_T1.jpg,True,4032,2268,895.96,합격
269700@4_03001_220825_P1_T1.jpg,True,4032,2268,766.35,합격
269702@1_03001_220825_P1_T1.jpg,True,4032,2268,1091.69,합격
269703@4_03001_220825_P1_T1.jpg,True,4032,2268,491.9,합격
269704@2_03001_220825_P1_T1.jpg,True,4032,2268,435.65,합격
269705@1_03001_220825_P1_T1.jpg,True,4032,2268,867.12,합격
269706@4_03001_220825_P1_T1.jpg,True,4032,2268,182.45,합격
269707@2_03001_220825_P1_T1.jpg,True,4032,2268,376.79,합격
269708@2_03001_220825_P1_T1.jpg,True,4032,2268,277.81,합격
269709@3_03001_220825_P1_T1.jpg,True,4032,2268,243.94,합격
269713@4_03001_220825_P1_T1.jpg,True,4032,2268,522.33,합격
269714@5_03001_220825_P1_T1.jpg,True,4032,2268,494.08,합격
269715@4_03001_220825_P1_T1.jpg,True,4032,2268,367.13,합격
269717@1_03001_220825_P1_T1.jpg,True,4032,2268,891.33,합격
269718@4_03001_220825_P1_T1.jpg,True,4032,2268,697.06,합격
269719@5_03001_220825_P1_T1.jpg,True,4032,2268,326.87,합격
269720@3_03001_220825_P1_T1.jpg,True,4032,2268,411.62,합격
269721@2_03001_220825_P1_T1.jpg,True,4032,2268,378.0,합격
269722@1_03001_220825_P1_T1.jpg,True,4032,2268,1023.56,합격
269724@4_03001_220825_P1_T1.jpg,True,4032,2268,339.9,합격
269725@4_03001_220825_P1_T1.jpg,True,4032,2268,297.12,합격
269726@4_03001_220825_P1_T1.jpg,True,4032,2268,445.55,합격
269727@3_03001_220825_P1_T1.jpg,True,4032,2268,516.07,합격
269728@5_03001_220825_P1_T1.jpg,True,4032,2268,397.67,합격
269729@5_03001_220825_P1_T1.jpg,True,4032,2268,395.42,합격
269730@2_03001_220825_P1_T1.jpg,True,4032,2268,291.61,합격
269731@3_03001_220825_P1_T1.jpg,True,4032,2268,404.72,합격
269732@2_03001_220825_P1_T1.jpg,True,4032,2268,209.73,합격
269733@4_03001_220825_P1_T1.jpg,True,4032,2268,664.86,합격
269734@4_03001_220825_P1_T1.jpg,True,4032,2268,738.66,합격
269735@2_03001_220825_P1_T1.jpg,True,4032,2268,338.98,합격
269736@1_03001_220825_P1_T1.jpg,True,4032,2268,1101.36,합격
269737@3_03001_220825_P1_T1.jpg,True,4032,2268,568.93,합격
269738@5_03001_220825_P1_T1.jpg,True,4032,2268,412.01,합격
269739@5_03001_220825_P1_T1.jpg,True,4032,2268,568.88,합격
269741@2_03001_220825_P1_T1.jpg,True,4032,2268,243.52,합격
269743@4_03001_220825_P1_T1.jpg,True,4032,2268,524.66,합격
269746@4_03001_220825_P1_T1.jpg,True,4032,2268,272.96,합격
269747@1_03001_220825_P1_T1.jpg,True,4032,2268,1050.28,합격
269748@2_03001_220825_P1_T1.jpg,True,4032,2268,255.93,합격
269750@2_03001_220825_P1_T1.jpg,True,4032,2268,435.34,합격
269752@3_03001_220825_P1_T1.jpg,True,4032,2268,241.92,합격
269754@5_03001_220825_P1_T1.jpg,True,4032,2268,528.74,합격
269755@2_03001_220825_P1_T1.jpg,True,4032,2268,413.32,합격
269756@4_03001_220825_P1_T1.jpg,True,4032,2268,536.39,합격
269757@4_03001_220825_P1_T1.jpg,True,4032,2268,328.81,합격
269758@1_03001_220825_P1_T1.jpg,True,4032,2268,1050.67,합격
269759@5_03001_220825_P1_T1.jpg,True,4032,2268,421.12,합격
269760@2_03001_220825_P1_T1.jpg,True,4032,2268,364.14,합격
269761@1_03001_220825_P1_T1.jpg,True,4032,2268,1012.49,합격
269762@1_03001_220825_P1_T1.jpg,True,4032,2268,1067.31,합격
269763@1_03001_220825_P1_T1.jpg,True,4032,2268,764.9,합격
269767@5_03001_220825_P1_T1.jpg,True,4032,2268,648.38,합격
269768@2_03001_220825_P1_T1.jpg,True,4032,2268,288.1,합격
269769@3_03001_220825_P1_T1.jpg,True,4032,2268,281.89,합격
269770@5_03001_220825_P1_T1.jpg,True,4032,2268,336.33,합격
269771@5_03001_220825_P1_T1.jpg,True,4032,2268,474.68,합격
269772@2_03001_220825_P1_T1.jpg,True,4032,2268,361.18,합격
269773@1_03001_220825_P1_T1.jpg,True,4032,2268,1289.96,합격
269774@1_03001_220825_P1_T1.jpg,True,4032,2268,1070.34,합격
269776@1_03001_220825_P1_T1.jpg,True,4032,2268,1008.78,합격
269778@5_03001_220825_P1_T1.jpg,True,4032,2268,249.76,합격
269779@4_03001_220825_P1_T1.jpg,True,4032,2268,612.85,합격
269780@4_03001_220825_P1_T1.jpg,True,4032,2268,548.06,합격
269781@1_03001_220825_P1_T1.jpg,True,4032,2268,1009.0,합격
269783@4_03001_220825_P1_T1.jpg,True,4032,2268,712.3,합격
269784@3_03001_220825_P1_T1.jpg,True,4032,2268,125.38,합격
269787@2_03001_220825_P1_T1.jpg,True,4032,2268,502.85,합격
269788@1_03001_220825_P1_T1.jpg,True,4032,2268,1324.98,합격
269791@5_03001_220825_P1_T1.jpg,True,4032,2268,412.05,합격
269792@4_03001_220825_P1_T1.jpg,True,4032,2268,396.86,합격
269793@4_03001_220825_P1_T1.jpg,True,4032,2268,410.86,합격
269795@3_03001_220825_P1_T1.jpg,True,4032,2268,164.17,합격
269796@2_03001_220825_P1_T1.jpg,True,4032,2268,433.07,합격
269797@1_03001_220825_P1_T1.jpg,True,4032,2268,852.65,합격
269798@4_03001_220825_P1_T1.jpg,True,4032,2268,453.07,합격
269799@2_03001_220825_P1_T1.jpg,True,4032,2268,322.33,합격
269800@2_03001_220825_P1_T1.jpg,True,4032,2268,346.51,합격
269801@4_03001_220825_P1_T1.jpg,True,4032,2268,594.38,합격
269802@2_03001_220825_P1_T1.jpg,True,4032,2268,482.96,합격
269803@5_03001_220825_P1_T1.jpg,True,4032,2268,283.95,합격
269804@5_03001_220825_P1_T1.jpg,True,4032,2268,349.86,합격
269805@5_03001_220825_P1_T1.jpg,True,4032,2268,303.19,합격
269806@3_03001_220825_P1_T1.jpg,True,4032,2268,884.99,합격
269807@2_03001_220825_P1_T1.jpg,True,4032,2268,446.48,합격
269808@5_03001_220825_P1_T1.jpg,True,4032,2268,641.84,합격
269809@4_03001_220825_P1_T1.jpg,True,4032,2268,631.58,합격
269810@5_03001_220825_P1_T1.jpg,True,4032,2268,435.57,합격
269811@2_03001_220825_P1_T1.jpg,True,4032,2268,401.77,합격
269812@3_03001_220825_P1_T1.jpg,True,4032,2268,301.99,합격
269813@1_03001_220825_P1_T1.jpg,True,4032,2268,1233.05,합격
269814@1_03001_220825_P1_T1.jpg,True,4032,2268,907.55,합격
269990@4_03001_220817_P1_T1.jpg,True,4032,2268,1418.85,합격
269991@4_03001_220817_P1_T1.jpg,True,4032,2268,973.91,합격
269992@2_03001_220817_P1_T1.jpg,True,4032,2268,995.04,합격
269993@4_03001_220817_P1_T1.jpg,True,4032,2268,891.59,합격
269997@4_03001_220817_P1_T1.jpg,True,4032,2268,1581.83,합격
269998@5_03001_220817_P1_T1.jpg,True,4032,2268,172.68,합격
270000@3_03001_220817_P1_T1.jpg,True,4032,2268,918.64,합격
270001@3_03001_220817_P1_T1.jpg,True,4032,2268,752.56,합격
270004@1_03001_220817_P1_T1.jpg,True,4032,2268,1575.14,합격
270006@3_03001_220817_P1_T1.jpg,True,4032,2268,1141.45,합격
270007@4_03001_220817_P1_T1.jpg,True,4032,2268,1668.74,합격
270008@2_03001_220817_P1_T1.jpg,True,4032,2268,498.19,합격
270009@1_03001_220817_P1_T1.jpg,True,4032,2268,1263.43,합격
270010@4_03001_220817_P1_T1.jpg,True,4032,2268,1269.09,합격
270013@3_03001_220817_P1_T1.jpg,True,4032,2268,839.64,합격
270015@2_03001_220817_P1_T1.jpg,True,4032,2268,1015.71,합격
270016@2_03001_220817_P1_T1.jpg,True,4032,2268,695.2,합격
270017@1_03001_220817_P1_T1.jpg,True,4032,2268,1432.31,합격
270018@4_03001_220817_P1_T1.jpg,True,4032,2268,1281.19,합격
270019@5_03001_220817_P1_T1.jpg,True,4032,2268,184.09,합격
270021@5_03001_220817_P1_T1.jpg,True,4032,2268,634.79,합격
270022@3_03001_220817_P1_T1.jpg,True,4032,2268,618.9,합격
270023@5_03001_220817_P1_T1.jpg,True,4032,2268,434.74,합격
270024@5_03001_220817_P1_T1.jpg,True,4032,2268,293.95,합격
270025@1_03001_220817_P1_T1.jpg,True,4032,2268,786.94,합격
270026@2_03001_220817_P1_T1.jpg,True,4032,2268,541.0,합격
270027@3_03001_220817_P1_T1.jpg,True,4032,2268,1403.6,합격
270028@1_03001_220817_P1_T1.jpg,True,4032,2268,1428.37,합격
270031@3_03001_220817_P1_T1.jpg,True,4032,2268,1436.77,합격
270033@4_03001_220817_P1_T1.jpg,True,4032,2268,1138.31,합격
270034@1_03001_220817_P1_T1.jpg,True,4032,2268,1390.77,합격
270035@4_03001_220817_P1_T1.jpg,True,4032,2268,1221.62,합격
270037@1_03001_220817_P1_T1.jpg,True,4032,2268,1541.54,합격
270038@4_03001_220817_P1_T1.jpg,True,4032,2268,1244.42,합격
270041@2_03001_220817_P1_T1.jpg,True,4032,2268,556.32,합격
270044@1_03001_220817_P1_T1.jpg,True,4032,2268,1500.44,합격
270045@3_03001_220817_P1_T1.jpg,True,4032,2268,1824.69,합격
270047@3_03001_220817_P1_T1.jpg,True,4032,2268,678.79,합격
270048@3_03001_220817_P1_T1.jpg,True,4032,2268,899.34,합격
270049@1_03001_220817_P1_T1.jpg,True,4032,2268,1436.78,합격
270050@2_03001_220817_P1_T1.jpg,True,4032,2268,633.45,합격
270051@3_03001_220817_P1_T1.jpg,True,4032,2268,661.01,합격
270052@4_03001_220817_P1_T1.jpg,True,4032,2268,579.26,합격
270053@1_03001_220817_P1_T1.jpg,True,4032,2268,1945.97,합격
270055@4_03001_220817_P1_T1.jpg,True,4032,2268,1736.33,합격
270056@5_03001_220817_P1_T1.jpg,True,4032,2268,1106.54,합격
270059@5_03001_220817_P1_T1.jpg,True,4032,2268,519.76,합격
270060@5_03001_220817_P1_T1.jpg,True,4032,2268,443.96,합격
270061@5_03001_220817_P1_T1.jpg,True,4032,2268,378.38,합격
270063@4_03001_220817_P1_T1.jpg,True,4032,2268,1208.16,합격
270064@4_03001_220817_P1_T1.jpg,True,4032,2268,1186.88,합격
270065@1_03001_220817_P1_T1.jpg,True,4032,2268,1326.94,합격
270068@4_03001_220817_P1_T1.jpg,True,4032,2268,1063.99,합격
270070@3_03001_220817_P1_T1.jpg,True,4032,2268,885.91,합격
270074@5_03001_220817_P1_T1.jpg,True,4032,2268,487.12,합격
270075@3_03001_220817_P1_T1.jpg,True,4032,2268,492.91,합격
270076@5_03001_220817_P1_T1.jpg,True,4032,2268,720.43,합격
270077@3_03001_220817_P1_T1.jpg,True,4032,2268,1461.4,합격
270078@2_03001_220817_P1_T1.jpg,True,4032,2268,540.12,합격
270079@1_03001_220817_P1_T1.jpg,True,4032,2268,1217.54,합격
270081@4_03001_220817_P1_T1.jpg,True,4032,2268,1116.37,합격
270082@2_03001_220817_P1_T1.jpg,True,4032,2268,1457.35,합격
270084@4_03001_220817_P1_T1.jpg,True,4032,2268,1198.66,합격
270086@1_03001_220817_P1_T1.jpg,True,4032,2268,1270.16,합격
270087@1_03001_220817_P1_T1.jpg,True,4032,2268,1647.6,합격
270088@4_03001_220817_P1_T1.jpg,True,4032,2268,1100.08,합격
270089@4_03001_220817_P1_T1.jpg,True,4032,2268,978.78,합격
270090@4_03001_220817_P1_T1.jpg,True,4032,2268,1087.6,합격
270091@2_03001_220817_P1_T1.jpg,True,4032,2268,911.37,합격
270094@2_03001_220817_P1_T1.jpg,True,4032,2268,692.92,합격
270096@5_03001_220817_P1_T1.jpg,True,4032,2268,1154.0,합격
270098@3_03001_220817_P1_T1.jpg,True,4032,2268,1341.47,합격
270101@3_03001_220817_P1_T1.jpg,True,4032,2268,996.46,합격
270102@2_03001_220817_P1_T1.jpg,True,4032,2268,630.56,합격
270103@3_03001_220817_P1_T1.jpg,True,4032,2268,604.68,합격
270104@5_03001_220817_P1_T1.jpg,True,4032,2268,987.13,합격
270105@4_03001_220817_P1_T1.jpg,True,4032,2268,1475.46,합격
270107@4_03001_220817_P1_T1.jpg,True,4032,2268,972.51,합격
270108@3_03001_220817_P1_T1.jpg,True,4032,2268,944.22,합격
270110@5_03001_220817_P1_T1.jpg,True,4032,2268,412.6,합격
270111@3_03001_220817_P1_T1.jpg,True,4032,2268,920.74,합격
270112@5_03001_220817_P1_T1.jpg,True,4032,2268,318.24,합격
270113@3_03001_220817_P1_T1.jpg,True,4032,2268,630.41,합격
270114@5_03001_220817_P1_T1.jpg,True,4032,2268,288.8,합격
270115@2_03001_220817_P1_T1.jpg,True,4032,2268,898.29,합격
270116@3_03001_220817_P1_T1.jpg,True,4032,2268,1476.98,합격
270117@4_03001_220817_P1_T1.jpg,True,4032,2268,641.54,합격
270119@5_03001_220817_P1_T1.jpg,True,4032,2268,274.51,합격
270120@4_03001_220817_P1_T1.jpg,True,4032,2268,910.77,합격
270122@2_03001_220817_P1_T1.jpg,True,4032,2268,687.95,합격
270123@1_03001_220817_P1_T1.jpg,True,4032,2268,1530.32,합격
270124@1_03001_220817_P1_T1.jpg,True,4032,2268,1412.21,합격
270125@2_03001_220817_P1_T1.jpg,True,4032,2268,766.88,합격
270126@1_03001_220817_P1_T1.jpg,True,4032,2268,1814.56,합격
270127@2_03001_220817_P1_T1.jpg,True,4032,2268,806.5,합격
270128@2_03001_220817_P1_T1.jpg,True,4032,2268,1243.81,합격
270129@2_03001_220817_P1_T1.jpg,True,4032,2268,1159.35,합격
270130@1_03001_220817_P1_T1.jpg,True,4032,2268,1829.97,합격
270131@2_03001_220817_P1_T1.jpg,True,4032,2268,772.27,합격
270133@3_03001_220817_P1_T1.jpg,True,4032,2268,649.86,합격
270136@1_03001_220817_P1_T1.jpg,True,4032,2268,1322.27,합격
270137@2_03001_220817_P1_T1.jpg,True,4032,2268,751.43,합격
270138@2_03001_220817_P1_T1.jpg,True,4032,2268,672.42,합격
270139@1_03001_220817_P1_T1.jpg,True,4032,2268,1153.04,합격
271395@5_03001_220819_P1_T1.jpg,True,4032,2268,546.9,합격
271397@2_03001_220819_P1_T1.jpg,True,4032,2268,332.08,합격
271398@3_03001_220819_P1_T1.jpg,True,4032,2268,600.77,합격
271399@1_03001_220819_P1_T1.jpg,True,4032,2268,453.41,합격
271400@2_03001_220819_P1_T1.jpg,True,4032,2268,453.91,합격
271401@1_03001_220819_P1_T1.jpg,True,4032,2268,811.9,합격
271402@4_03001_220819_P1_T1.jpg,True,4032,2268,784.01,합격
271403@1_03001_220819_P1_T1.jpg,True,4032,2268,743.71,합격
271404@4_03001_220819_P1_T1.jpg,True,4032,2268,645.56,합격
271405@3_03001_220819_P1_T1.jpg,True,4032,2268,662.61,합격
271406@5_03001_220819_P1_T1.jpg,True,4032,2268,385.14,합격
271407@3_03001_220819_P1_T1.jpg,True,4032,2268,707.96,합격
271410@5_03001_220819_P1_T1.jpg,True,4032,2268,503.57,합격
271411@5_03001_220819_P1_T1.jpg,True,4032,2268,516.83,합격
271414@1_03001_220819_P1_T1.jpg,True,4032,2268,1111.68,합격
271415@4_03001_220819_P1_T1.jpg,True,4032,2268,416.9,합격
271416@4_03001_220819_P1_T1.jpg,True,4032,2268,470.46,합격
271418@1_03001_220819_P1_T1.jpg,True,4032,2268,958.23,합격
271420@1_03001_220819_P1_T1.jpg,True,4032,2268,932.85,합격
271421@4_03001_220819_P1_T1.jpg,True,4032,2268,466.21,합격
271422@4_03001_220819_P1_T1.jpg,True,4032,2268,1002.17,합격
271423@5_03001_220819_P1_T1.jpg,True,4032,2268,401.23,합격
271424@2_03001_220819_P1_T1.jpg,True,4032,2268,299.81,합격
271425@2_03001_220819_P1_T1.jpg,True,4032,2268,289.99,합격
271426@3_03001_220819_P1_T1.jpg,True,4032,2268,542.75,합격
271427@2_03001_220819_P1_T1.jpg,True,4032,2268,588.5,합격
271428@2_03001_220819_P1_T1.jpg,True,4032,2268,821.78,합격
271429@1_03001_220819_P1_T1.jpg,True,4032,2268,716.72,합격
271430@1_03001_220819_P1_T1.jpg,True,4032,2268,782.26,합격
271431@1_03001_220819_P1_T1.jpg,True,4032,2268,1176.64,합격
271432@3_03001_220819_P1_T1.jpg,True,4032,2268,616.59,합격
271433@1_03001_220819_P1_T1.jpg,True,4032,2268,654.38,합격
271435@4_03001_220819_P1_T1.jpg,True,4032,2268,451.1,합격
271436@5_03001_220819_P1_T1.jpg,True,4032,2268,372.23,합격
271440@4_03001_220819_P1_T1.jpg,True,4032,2268,370.87,합격
271441@3_03001_220819_P1_T1.jpg,True,4032,2268,416.56,합격
271442@3_03001_220819_P1_T1.jpg,True,4032,2268,539.81,합격
271444@5_03001_220819_P1_T1.jpg,True,4032,2268,232.38,합격
271446@4_03001_220819_P1_T1.jpg,True,4032,2268,595.31,합격
271448@4_03001_220819_P1_T1.jpg,True,4032,2268,1094.23,합격
271449@3_03001_220819_P1_T1.jpg,True,4032,2268,560.22,합격
271450@1_03001_220819_P1_T1.jpg,True,4032,2268,1424.48,합격
271451@3_03001_220819_P1_T1.jpg,True,4032,2268,898.13,합격
271452@3_03001_220819_P1_T1.jpg,True,4032,2268,782.05,합격
271453@2_03001_220819_P1_T1.jpg,True,4032,2268,622.11,합격
271454@4_03001_220819_P1_T1.jpg,True,4032,2268,553.35,합격
271455@2_03001_220819_P1_T1.jpg,True,4032,2268,717.77,합격
271457@5_03001_220819_P1_T1.jpg,True,4032,2268,345.58,합격
271458@5_03001_220819_P1_T1.jpg,True,4032,2268,266.75,합격
271459@2_03001_220819_P1_T1.jpg,True,4032,2268,882.25,합격
271460@2_03001_220819_P1_T1.jpg,True,4032,2268,631.45,합격
271461@5_03001_220819_P1_T1.jpg,True,4032,2268,579.89,합격
271462@5_03001_220819_P1_T1.jpg,True,4032,2268,482.37,합격
271464@1_03001_220819_P1_T1.jpg,True,4032,2268,912.65,합격
271466@1_03001_220819_P1_T1.jpg,True,4032,2268,1133.49,합격
271467@1_03001_220819_P1_T1.jpg,True,4032,2268,625.67,합격
271468@4_03001_220819_P1_T1.jpg,True,4032,2268,1274.37,합격
271469@1_03001_220819_P1_T1.jpg,True,4032,2268,782.57,합격
271470@3_03001_220819_P1_T1.jpg,True,4032,2268,332.41,합격
271471@4_03001_220819_P1_T1.jpg,True,4032,2268,727.69,합격
271472@5_03001_220819_P1_T1.jpg,True,4032,2268,583.36,합격
271473@5_03001_220819_P1_T1.jpg,True,4032,2268,289.41,합격
271474@2_03001_220819_P1_T1.jpg,True,4032,2268,1036.44,합격
271475@5_03001_220819_P1_T1.jpg,True,4032,2268,288.55,합격
271477@4_03001_220819_P1_T1.jpg,True,4032,2268,644.48,합격
271478@3_03001_220819_P1_T1.jpg,True,4032,2268,828.62,합격
271480@4_03001_220819_P1_T1.jpg,True,4032,2268,853.1,합격
271481@1_03001_220819_P1_T1.jpg,True,4032,2268,1020.59,합격
271482@4_03001_220819_P1_T1.jpg,True,4032,2268,627.66,합격
271483@3_03001_220819_P1_T1.jpg,True,4032,2268,895.56,합격
271486@3_03001_220819_P1_T1.jpg,True,4032,2268,772.19,합격
271488@2_03001_220819_P1_T1.jpg,True,4032,2268,558.03,합격
271489@3_03001_220819_P1_T1.jpg,True,4032,2268,748.63,합격
271490@5_03001_220819_P1_T1.jpg,True,4032,2268,185.77,합격
271491@4_03001_220819_P1_T1.jpg,True,4032,2268,749.66,합격
271492@5_03001_220819_P1_T1.jpg,True,4032,2268,199.41,합격
271493@4_03001_220819_P1_T1.jpg,True,4032,2268,781.56,합격
271494@5_03001_220819_P1_T1.jpg,True,4032,2268,428.42,합격
271498@5_03001_220819_P1_T1.jpg,True,4032,2268,217.67,합격
271499@4_03001_220819_P1_T1.jpg,True,4032,2268,425.33,합격
271500@3_03001_220819_P1_T1.jpg,True,4032,2268,605.68,합격
271501@2_03001_220819_P1_T1.jpg,True,4032,2268,336.88,합격
271502@1_03001_220819_P1_T1.jpg,True,4032,2268,455.14,합격
271503@3_03001_220819_P1_T1.jpg,True,4032,2268,978.02,합격
271504@4_03001_220819_P1_T1.jpg,True,4032,2268,656.99,합격
271505@3_03001_220819_P1_T1.jpg,True,4032,2268,518.81,합격
271507@1_03001_220819_P1_T1.jpg,True,4032,2268,158.31,합격
271508@2_03001_220819_P1_T1.jpg,True,4032,2268,410.03,합격
271509@5_03001_220819_P1_T1.jpg,True,4032,2268,323.62,합격
271511@3_03001_220819_P1_T1.jpg,True,4032,2268,532.64,합격
271512@5_03001_220819_P1_T1.jpg,True,4032,2268,238.17,합격
271513@2_03001_220819_P1_T1.jpg,True,4032,2268,792.54,합격
271515@4_03001_220819_P1_T1.jpg,True,4032,2268,609.78,합격
271516@1_03001_220819_P1_T1.jpg,True,4032,2268,628.65,합격
271517@1_03001_220819_P1_T1.jpg,True,4032,2268,677.29,합격
271518@1_03001_220819_P1_T1.jpg,True,4032,2268,1458.49,합격
271519@1_03001_220819_P1_T1.jpg,True,4032,2268,795.81,합격
271520@3_03001_220819_P1_T1.jpg,True,4032,2268,718.51,합격
271521@3_03001_220819_P1_T1.jpg,True,4032,2268,848.72,합격
271523@4_03001_220819_P1_T1.jpg,True,4032,2268,462.07,합격
271524@5_03001_220819_P1_T1.jpg,True,4032,2268,219.75,합격
271525@2_03001_220819_P1_T1.jpg,True,4032,2268,683.71,합격
271526@2_03001_220819_P1_T1.jpg,True,4032,2268,655.25,합격
271527@5_03001_220819_P1_T1.jpg,True,4032,2268,150.19,합격
271528@2_03001_220819_P1_T1.jpg,True,4032,2268,656.1,합격
271529@1_03001_220819_P1_T1.jpg,True,4032,2268,606.31,합격
271530@1_03001_220819_P1_T1.jpg,True,4032,2268,826.19,합격
271532@5_03001_220819_P1_T1.jpg,True,4032,2268,195.0,합격
271533@5_03001_220819_P1_T1.jpg,True,4032,2268,157.45,합격
271535@4_03001_220819_P1_T1.jpg,True,4032,2268,501.61,합격
271536@4_03001_220819_P1_T1.jpg,True,4032,2268,701.62,합격
271537@4_03001_220819_P1_T1.jpg,True,4032,2268,421.38,합격
271539@4_03001_220819_P1_T1.jpg,True,4032,2268,633.02,합격
271541@3_03001_220819_P1_T1.jpg,True,4032,2268,539.73,합격
271542@2_03001_220819_P1_T1.jpg,True,4032,2268,523.75,합격
271544@2_03001_220819_P1_T1.jpg,True,4032,2268,675.99,합격
271545@5_03001_220819_P1_T1.jpg,True,4032,2268,315.8,합격
271546@2_03001_220819_P1_T1.jpg,True,4032,2268,518.89,합격
271548@5_03001_220819_P1_T1.jpg,True,4032,2268,215.73,합격
271549@2_03001_220819_P1_T1.jpg,True,4032,2268,334.39,합격
271550@4_03001_220819_P1_T1.jpg,True,4032,2268,542.43,합격
271551@1_03001_220819_P1_T1.jpg,True,4032,2268,600.78,합격
271552@5_03001_220819_P1_T1.jpg,True,4032,2268,257.83,합격
271553@4_03001_220819_P1_T1.jpg,True,4032,2268,520.49,합격
271554@1_03001_220819_P1_T1.jpg,True,4032,2268,749.04,합격
271555@3_03001_220819_P1_T1.jpg,True,4032,2268,741.98,합격
271556@1_03001_220819_P1_T1.jpg,True,4032,2268,495.45,합격
271558@3_03001_220819_P1_T1.jpg,True,4032,2268,673.52,합격
271559@1_03001_220819_P1_T1.jpg,True,4032,2268,529.92,합격
271560@5_03001_220819_P1_T1.jpg,True,4032,2268,934.69,합격
271561@2_03001_220819_P1_T1.jpg,True,4032,2268,543.62,합격
271562@3_03001_220819_P1_T1.jpg,True,4032,2268,509.89,합격
271563@4_03001_220819_P1_T1.jpg,True,4032,2268,815.66,합격
271564@4_03001_220819_P1_T1.jpg,True,4032,2268,745.1,합격
271565@3_03001_220819_P1_T1.jpg,True,4032,2268,790.45,합격
271566@4_03001_220819_P1_T1.jpg,True,4032,2268,483.48,합격
271567@4_03001_220819_P1_T1.jpg,True,4032,2268,643.44,합격
271568@3_03001_220819_P1_T1.jpg,True,4032,2268,683.09,합격
271569@3_03001_220819_P1_T1.jpg,True,4032,2268,607.88,합격
271570@2_03001_220819_P1_T1.jpg,True,4032,2268,679.95,합격
271572@5_03001_220819_P1_T1.jpg,True,4032,2268,402.63,합격
271574@3_03001_220819_P1_T1.jpg,True,4032,2268,699.32,합격
271575@4_03001_220819_P1_T1.jpg,True,4032,2268,270.05,합격
271576@3_03001_220819_P1_T1.jpg,True,4032,2268,318.22,합격
271577@4_03001_220819_P1_T1.jpg,True,4032,2268,505.07,합격
271578@4_03001_220819_P1_T1.jpg,True,4032,2268,789.58,합격
271579@3_03001_220819_P1_T1.jpg,True,4032,2268,325.96,합격
271580@1_03001_220819_P1_T1.jpg,True,4032,2268,965.27,합격
271581@4_03001_220819_P1_T1.jpg,True,4032,2268,415.13,합격
271582@3_03001_220819_P1_T1.jpg,True,4032,2268,550.31,합격
271584@4_03001_220819_P1_T1.jpg,True,4032,2268,754.31,합격
271585@3_03001_220819_P1_T1.jpg,True,4032,2268,710.85,합격
271586@5_03001_220819_P1_T1.jpg,True,4032,2268,382.13,합격
271587@2_03001_220819_P1_T1.jpg,True,4032,2268,495.17,합격
271588@5_03001_220819_P1_T1.jpg,True,4032,2268,546.42,합격
271589@2_03001_220819_P1_T1.jpg,True,4032,2268,273.68,합격
271590@5_03001_220819_P1_T1.jpg,True,4032,2268,580.81,합격
271591@3_03001_220819_P1_T1.jpg,True,4032,2268,713.87,합격
271592@2_03001_220819_P1_T1.jpg,True,4032,2268,550.08,합격
271595@2_03001_220819_P1_T1.jpg,True,4032,2268,646.68,합격
271596@2_03001_220819_P1_T1.jpg,True,4032,2268,726.82,합격
271597@1_03001_220819_P1_T1.jpg,True,4032,2268,838.62,합격
271599@2_03001_220819_P1_T1.jpg,True,4032,2268,606.15,합격
271600@5_03001_220819_P1_T1.jpg,True,4032,2268,819.32,합격
271601@2_03001_220819_P1_T1.jpg,True,4032,2268,629.84,합격
271602@1_03001_220819_P1_T1.jpg,True,4032,2268,716.81,합격
271603@1_03001_220819_P1_T1.jpg,True,4032,2268,628.66,합격
271604@1_03001_220819_P1_T1.jpg,True,4032,2268,577.18,합격
271605@1_03001_220819_P1_T1.jpg,True,4032,2268,651.53,합격
271607@1_03001_220819_P1_T1.jpg,True,4032,2268,574.51,합격
271608@1_03001_220819_P1_T1.jpg,True,4032,2268,614.99,합격
271609@1_03001_220819_P1_T1.jpg,True,4032,2268,772.84,합격
271610@4_03001_220825_P1_T1.jpg,True,4032,2268,442.38,합격
271611@5_03001_220825_P1_T1.jpg,True,4032,2268,621.59,합격
271612@1_03001_220825_P1_T1.jpg,True,4032,2268,1046.75,합격
271614@4_03001_220825_P1_T1.jpg,True,4032,2268,341.21,합격
271616@4_03001_220825_P1_T1.jpg,True,4032,2268,626.86,합격
271617@1_03001_220825_P1_T1.jpg,True,4032,2268,1036.12,합격
271618@3_03001_220825_P1_T1.jpg,True,4032,2268,268.0,합격
271619@5_03001_220825_P1_T1.jpg,True,4032,2268,427.75,합격
271620@5_03001_220825_P1_T1.jpg,True,4032,2268,237.43,합격
271622@2_03001_220825_P1_T1.jpg,True,4032,2268,538.75,합격
271625@1_03001_220825_P1_T1.jpg,True,4032,2268,798.23,합격
271626@1_03001_220825_P1_T1.jpg,True,4032,2268,1002.91,합격
271627@3_03001_220825_P1_T1.jpg,True,4032,2268,311.01,합격
271628@5_03001_220825_P1_T1.jpg,True,4032,2268,640.09,합격
271629@5_03001_220825_P1_T1.jpg,True,4032,2268,602.33,합격
271631@2_03001_220825_P1_T1.jpg,True,4032,2268,416.84,합격
271632@2_03001_220825_P1_T1.jpg,True,4032,2268,220.91,합격
271633@3_03001_220825_P1_T1.jpg,True,4032,2268,513.91,합격
271634@3_03001_220825_P1_T1.jpg,True,4032,2268,614.54,합격
271635@5_03001_220825_P1_T1.jpg,True,4032,2268,523.24,합격
271637@3_03001_220825_P1_T1.jpg,True,4032,2268,668.73,합격
271638@3_03001_220825_P1_T1.jpg,True,4032,2268,652.72,합격
271639@2_03001_220825_P1_T1.jpg,True,4032,2268,576.95,합격
271640@5_03001_220825_P1_T1.jpg,True,4032,2268,655.57,합격
271641@5_03001_220825_P1_T1.jpg,True,4032,2268,449.36,합격
271643@4_03001_220825_P1_T1.jpg,True,4032,2268,329.01,합격
271644@4_03001_220825_P1_T1.jpg,True,4032,2268,475.33,합격
271647@2_03001_220825_P1_T1.jpg,True,4032,2268,418.44,합격
271648@1_03001_220825_P1_T1.jpg,True,4032,2268,1090.35,합격
271649@3_03001_220825_P1_T1.jpg,True,4032,2268,254.1,합격
271650@4_03001_220825_P1_T1.jpg,True,4032,2268,435.51,합격
271654@4_03001_220825_P1_T1.jpg,True,4032,2268,386.53,합격
271656@2_03001_220825_P1_T1.jpg,True,4032,2268,265.81,합격
271658@5_03001_220825_P1_T1.jpg,True,4032,2268,361.23,합격
271660@1_03001_220825_P1_T1.jpg,True,4032,2268,1140.22,합격
271661@2_03001_220825_P1_T1.jpg,True,4032,2268,378.01,합격
271663@4_03001_220825_P1_T1.jpg,True,4032,2268,361.25,합격
271664@5_03001_220825_P1_T1.jpg,True,4032,2268,425.38,합격
271665@1_03001_220825_P1_T1.jpg,True,4032,2268,1093.75,합격
271668@5_03001_220825_P1_T1.jpg,True,4032,2268,471.83,합격
271669@4_03001_220825_P1_T1.jpg,True,4032,2268,786.33,합격
271670@3_03001_220825_P1_T1.jpg,True,4032,2268,512.61,합격
271671@1_03001_220825_P1_T1.jpg,True,4032,2268,1055.43,합격
271672@5_03001_220825_P1_T1.jpg,True,4032,2268,445.58,합격
271673@5_03001_220825_P1_T1.jpg,True,4032,2268,511.76,합격
271676@4_03001_220825_P1_T1.jpg,True,4032,2268,685.92,합격
271677@3_03001_220825_P1_T1.jpg,True,4032,2268,541.93,합격
271678@4_03001_220825_P1_T1.jpg,True,4032,2268,202.06,합격
271679@1_03001_220825_P1_T1.jpg,True,4032,2268,1175.42,합격
271681@2_03001_220825_P1_T1.jpg,True,4032,2268,684.94,합격
271682@1_03001_220825_P1_T1.jpg,True,4032,2268,1301.79,합격
271683@3_03001_220825_P1_T1.jpg,True,4032,2268,348.73,합격
271684@3_03001_220825_P1_T1.jpg,True,4032,2268,570.29,합격
271685@5_03001_220825_P1_T1.jpg,True,4032,2268,360.29,합격
271686@1_03001_220825_P1_T1.jpg,True,4032,2268,1063.66,합격
271688@1_03001_220825_P1_T1.jpg,True,4032,2268,985.4,합격
271689@2_03001_220825_P1_T1.jpg,True,4032,2268,660.57,합격
271690@2_03001_220825_P1_T1.jpg,True,4032,2268,487.89,합격
271692@5_03001_220825_P1_T1.jpg,True,4032,2268,627.09,합격
271693@2_03001_220825_P1_T1.jpg,True,4032,2268,522.12,합격
271694@4_03001_220825_P1_T1.jpg,True,4032,2268,488.93,합격
271695@3_03001_220825_P1_T1.jpg,True,4032,2268,433.56,합격
271696@1_03001_220825_P1_T1.jpg,True,4032,2268,865.88,합격
271698@1_03001_220825_P1_T1.jpg,True,4032,2268,1009.12,합격
271699@5_03001_220825_P1_T1.jpg,True,4032,2268,588.19,합격
271700@4_03001_220825_P1_T1.jpg,True,4032,2268,660.4,합격
271701@1_03001_220825_P1_T1.jpg,True,4032,2268,1177.22,합격
271702@1_03001_220825_P1_T1.jpg,True,4032,2268,1256.17,합격
271704@2_03001_220825_P1_T1.jpg,True,4032,2268,368.84,합격
271706@2_03001_220825_P1_T1.jpg,True,4032,2268,387.3,합격
271709@5_03001_220825_P1_T1.jpg,True,4032,2268,172.65,합격
271711@4_03001_220825_P1_T1.jpg,True,4032,2268,411.81,합격
271713@5_03001_220825_P1_T1.jpg,True,4032,2268,615.33,합격
271714@5_03001_220825_P1_T1.jpg,True,4032,2268,548.08,합격
271715@3_03001_220825_P1_T1.jpg,True,4032,2268,616.96,합격
271716@4_03001_220825_P1_T1.jpg,True,4032,2268,508.52,합격
271717@4_03001_220825_P1_T1.jpg,True,4032,2268,516.77,합격
271718@1_03001_220825_P1_T1.jpg,True,4032,2268,1087.35,합격
271719@1_03001_220825_P1_T1.jpg,True,4032,2268,998.21,합격
271722@2_03001_220825_P1_T1.jpg,True,4032,2268,484.75,합격
271723@2_03001_220825_P1_T1.jpg,True,4032,2268,426.99,합격
271724@5_03001_220825_P1_T1.jpg,True,4032,2268,450.57,합격
271725@3_03001_220825_P1_T1.jpg,True,4032,2268,378.46,합격
271726@2_03001_220825_P1_T1.jpg,True,4032,2268,399.56,합격
271728@1_03001_220825_P1_T1.jpg,True,4032,2268,1058.96,합격
271730@5_03001_220825_P1_T1.jpg,True,4032,2268,446.83,합격
271731@2_03001_220825_P1_T1.jpg,True,4032,2268,325.11,합격
271733@1_03001_220825_P1_T1.jpg,True,4032,2268,783.73,합격
271735@1_03001_220825_P1_T1.jpg,True,4032,2268,1136.26,합격
271737@1_03001_220825_P1_T1.jpg,True,4032,2268,1167.35,합격
271738@4_03001_220825_P1_T1.jpg,True,4032,2268,604.92,합격
271739@2_03001_220825_P1_T1.jpg,True,4032,2268,274.39,합격
271740@4_03001_220825_P1_T1.jpg,True,4032,2268,341.17,합격
271741@5_03001_220825_P1_T1.jpg,True,4032,2268,762.51,합격
271742@4_03001_220825_P1_T1.jpg,True,4032,2268,470.04,합격
271743@2_03001_220825_P1_T1.jpg,True,4032,2268,444.05,합격
271744@1_03001_220825_P1_T1.jpg,True,4032,2268,827.93,합격
271745@3_03001_220825_P1_T1.jpg,True,4032,2268,523.26,합격
271747@2_03001_220825_P1_T1.jpg,True,4032,2268,435.97,합격
271748@5_03001_220825_P1_T1.jpg,True,4032,2268,535.99,합격
271749@3_03001_220825_P1_T1.jpg,True,4032,2268,671.23,합격
271752@4_03001_220825_P1_T1.jpg,True,4032,2268,372.09,합격
271756@1_03001_220825_P1_T1.jpg,True,4032,2268,739.9,합격
271757@1_03001_220825_P1_T1.jpg,True,4032,2268,1010.6,합격
271759@2_03001_220825_P1_T1.jpg,True,4032,2268,505.84,합격
271760@5_03001_220825_P1_T1.jpg,True,4032,2268,666.83,합격
271763@5_03001_220825_P1_T1.jpg,True,4032,2268,462.14,합격
271764@3_03001_220825_P1_T1.jpg,True,4032,2268,278.19,합격
271765@3_03001_220825_P1_T1.jpg,True,4032,2268,558.73,합격
271766@2_03001_220825_P1_T1.jpg,True,4032,2268,356.6,합격
271767@4_03001_220825_P1_T1.jpg,True,4032,2268,342.54,합격
271768@4_03001_220825_P1_T1.jpg,True,4032,2268,429.19,합격
271770@2_03001_220825_P1_T1.jpg,True,4032,2268,565.84,합격
271771@3_03001_220825_P1_T1.jpg,True,4032,2268,250.71,합격
271772@5_03001_220825_P1_T1.jpg,True,4032,2268,431.17,합격
271773@2_03001_220825_P1_T1.jpg,True,4032,2268,325.88,합격
271774@1_03001_220825_P1_T1.jpg,True,4032,2268,1109.84,합격
271775@1_03001_220825_P1_T1.jpg,True,4032,2268,768.85,합격
271776@3_03001_220825_P1_T1.jpg,True,4032,2268,417.02,합격
271777@4_03001_220825_P1_T1.jpg,True,4032,2268,425.68,합격
271778@1_03001_220825_P1_T1.jpg,True,4032,2268,965.49,합격
271780@2_03001_220825_P1_T1.jpg,True,4032,2268,442.46,합격
271783@4_03001_220825_P1_T1.jpg,True,4032,2268,579.2,합격
271784@5_03001_220825_P1_T1.jpg,True,4032,2268,169.5,합격
271785@5_03001_220825_P1_T1.jpg,True,4032,2268,406.99,합격
271787@4_03001_220825_P1_T1.jpg,True,4032,2268,527.62,합격
271788@5_03001_220825_P1_T1.jpg,True,4032,2268,417.3,합격
271789@2_03001_220825_P1_T1.jpg,True,4032,2268,491.64,합격
271790@3_03001_220825_P1_T1.jpg,True,4032,2268,303.54,합격
271792@2_03001_220825_P1_T1.jpg,True,4032,2268,452.99,합격
271793@2_03001_220825_P1_T1.jpg,True,4032,2268,635.01,합격
271794@4_03001_220825_P1_T1.jpg,True,4032,2268,614.76,합격
271795@1_03001_220825_P1_T1.jpg,True,4032,2268,1097.21,합격
271797@5_03001_220825_P1_T1.jpg,True,4032,2268,603.43,합격
271798@5_03001_220825_P1_T1.jpg,True,4032,2268,316.14,합격
271799@3_03001_220825_P1_T1.jpg,True,4032,2268,656.68,합격
271800@1_03001_220825_P1_T1.jpg,True,4032,2268,1076.3,합격
271801@5_03001_220825_P1_T1.jpg,True,4032,2268,384.84,합격
271802@3_03001_220825_P1_T1.jpg,True,4032,2268,597.32,합격
271803@1_03001_220825_P1_T1.jpg,True,4032,2268,1065.21,합격
271804@2_03001_220825_P1_T1.jpg,True,4032,2268,218.46,합격
271805@4_03001_220825_P1_T1.jpg,True,4032,2268,259.02,합격
271806@2_03001_220825_P1_T1.jpg,True,4032,2268,356.82,합격
271808@2_03001_220825_P1_T1.jpg,True,4032,2268,200.65,합격
271809@5_03001_220825_P1_T1.jpg,True,4032,2268,504.51,합격
271810@5_03001_220825_P1_T1.jpg,True,4032,2268,325.67,합격
271813@3_03001_220825_P1_T1.jpg,True,4032,2268,518.22,합격
271814@4_03001_220825_P1_T1.jpg,True,4032,2268,421.3,합격
271816@3_03001_220825_P1_T1.jpg,True,4032,2268,510.82,합격
271817@1_03001_220825_P1_T1.jpg,True,4032,2268,791.46,합격
271819@1_03001_220825_P1_T1.jpg,True,4032,2268,847.86,합격
272717@5_03001_220822_P1_T1.jpg,True,4032,2268,459.6,합격
272718@2_03001_220822_P1_T1.jpg,True,4032,2268,1093.04,합격
272719@1_03001_220822_P1_T1.jpg,True,4032,2268,3166.47,합격
272720@4_03001_220822_P1_T1.jpg,True,4032,2268,2142.48,합격
272721@2_03001_220822_P1_T1.jpg,True,4032,2268,2863.92,합격
272722@5_03001_220822_P1_T1.jpg,True,4032,2268,668.76,합격
272723@3_03001_220822_P1_T1.jpg,True,4032,2268,3015.51,합격
272725@4_03001_220822_P1_T1.jpg,True,4032,2268,2719.82,합격
272727@3_03001_220822_P1_T1.jpg,True,4032,2268,788.79,합격
272728@3_03001_220822_P1_T1.jpg,True,4000,2250,315.08,합격
272729@4_03001_220822_P1_T1.jpg,True,4000,2250,466.27,합격
272730@5_03001_220822_P1_T1.jpg,True,4032,2268,569.41,합격
272731@1_03001_220822_P1_T1.jpg,True,4032,2268,2784.19,합격
272732@5_03001_220822_P1_T1.jpg,True,4032,2268,543.07,합격
272733@4_03001_220822_P1_T1.jpg,True,4032,2268,2236.47,합격
272734@4_03001_220822_P1_T1.jpg,True,4032,2268,2931.14,합격
272735@1_03001_220822_P1_T1.jpg,True,4032,2268,2797.32,합격
272736@1_03001_220822_P1_T1.jpg,True,4032,2268,2273.33,합격
